0,1,2,3,4,5,6,7,8,9,10,11,12,13,14,15,16,17,18,19,20,21,22,23,24,25,26,27,28,29,30,31,32,33,34,35,36,37,38,39,40,41
254,213,93,83,188,133,116,65,222,14,11,260,89,142,108,114,146,5,92,194,127,199,174,54,20,234,210,78,172,137,37,165,171,144,184,5,228,203,91,196,52,28
63,112,243,52,114,62,94,23,107,235,260,237,62,9,258,225,33,179,187,71,98,187,5,42,44,100,145,255,117,138,101,195,120,120,258,25,71,124,64,147,196,260
179,258,182,247,145,116,100,119,107,51,194,22,81,14,43,251,224,197,182,62,197,122,75,22,54,202,256,174,156,221,124,124,75,204,116,5,100,151,136,216,202,90
192,44,96,69,198,18,210,188,135,37,149,209,175,220,110,179,177,18,150,70,119,200,89,109,93,150,250,150,100,126,258,107,194,251,81,234,259,165,174,165,78,66
95,6,96,67,104,143,3,80,157,143,237,176,88,185,77,123,257,5,75,237,15,188,247,42,37,232,100,100,126,243,96,167,94,17,157,127,18,70,28,67,159,183
125,24,109,92,184,2,197,199,35,62,162,48,79,14,169,1,225,217,102,102,168,249,247,205,199,255,170,260,95,19,44,236,162,242,54,228,169,71,81,104,245,250
179,50,13,19,251,221,117,185,162,51,2,255,64,212,71,106,114,19,106,5,117,241,103,3,25,5,196,142,94,101,179,44,124,169,241,243,62,131,237,104,150,149
230,173,138,100,101,42,96,25,135,210,124,135,104,81,179,3,13,44,13,13,89,235,145,18,150,62,100,135,44,179,114,77,101,227,76,42,81,203,128,255,229,54
184,92,207,221,18,37,237,107,144,184,178,44,183,68,243,171,209,165,165,109,194,165,174,210,178,236,149,88,230,259,201,96,227,188,222,165,237,222,37,37,170,74
130,23,15,52,77,67,96,116,147,2,202,5,135,260,76,94,116,100,179,221,22,115,71,221,93,70,224,64,58,51,13,75,3,119,2,247,100,2,75,247,48,159
180,259,83,198,52,241,201,57,103,42,224,123,135,260,61,35,41,206,106,198,117,206,114,42,103,81,175,183,8,119,96,241,187,242,258,206,188,201,5,5,234,107
76,173,52,225,91,33,74,101,101,184,28,201,54,142,96,182,198,76,19,114,52,235,131,62,251,100,223,131,106,138,75,239,235,34,251,101,51,197,187,2,251,51
179,96,19,67,167,28,162,182,235,236,199,175,251,241,154,259,109,171,27,109,150,116,178,178,66,135,131,237,87,35,106,178,243,188,236,103,236,124,22,256,260,66
26,52,42,126,124,57,143,146,214,172,25,25,104,131,40,222,117,81,172,227,27,143,107,59,51,174,231,51,180,16,237,22,222,84,190,93,57,38,22,39,9,168
153,124,241,129,2,48,171,104,170,140,136,104,66,131,128,92,23,235,170,170,241,236,199,102,90,222,41,223,55,215,82,129,82,178,259,104,184,102,136,88,220,103
120,101,33,71,117,25,210,106,64,221,9,135,79,22,75,101,13,44,13,235,235,106,200,3,3,89,102,14,94,96,71,251,256,67,2,44,44,62,202,115,25,184
128,119,173,122,96,260,68,224,18,74,42,37,223,220,45,179,112,94,128,184,221,168,13,210,260,162,147,168,126,13,75,135,237,210,51,51,223,37,221,188,183,234
167,177,93,13,165,124,190,0,136,169,245,234,18,69,219,214,96,116,129,165,190,57,234,107,100,22,68,250,129,96,155,251,146,188,16,209,3,39,90,234,100,66
161,27,242,259,49,128,27,143,90,150,188,242,14,255,36,31,235,48,0,20,170,24,14,131,121,131,79,89,83,56,235,106,74,48,185,241,11,222,90,48,81,62
10,207,18,92,84,133,144,42,133,245,85,170,207,59,240,165,258,81,165,190,237,214,237,102,18,90,220,66,154,167,214,30,93,227,259,178,210,210,159,102,162,228
50,198,114,44,235,75,64,221,44,163,62,200,5,202,32,80,187,209,76,80,135,42,251,260,100,223,260,131,75,75,13,135,247,73,119,234,135,65,168,184,228,79
87,146,159,96,116,13,159,2,123,100,101,44,183,89,219,191,37,207,210,128,179,191,80,75,71,97,20,22,5,195,96,94,237,235,37,182,44,145,78,168,255,250
154,127,96,126,146,16,146,144,22,100,157,51,260,100,240,96,172,3,234,135,107,201,232,223,200,52,162,125,233,234,146,30,251,221,150,115,145,3,122,109,159,175
63,179,98,157,117,101,122,78,25,157,107,223,150,66,176,219,76,57,100,208,45,70,214,89,245,228,37,210,75,256,122,42,146,163,245,237,202,237,194,22,107,174
259,21,252,143,96,126,199,69,135,232,202,80,178,175,180,126,75,3,15,3,232,100,2,5,20,220,175,149,173,179,197,33,173,19,221,62,251,100,247,207,23,11
127,37,221,109,207,69,116,90,234,81,144,18,144,150,116,129,51,188,123,192,96,143,18,18,65,89,174,69,55,155,123,221,201,3,144,64,21,22,194,185,69,103
154,173,137,106,235,198,136,117,9,251,231,231,17,37,179,119,34,120,117,117,197,206,185,139,74,139,162,188,112,117,243,44,247,182,117,107,162,74,103,135,201,39
76,30,75,197,83,19,101,135,227,117,184,150,109,242,36,96,197,206,124,197,19,68,52,194,184,229,178,216,114,83,23,34,13,71,101,235,236,236,28,103,210,174
96,165,18,157,146,96,64,194,136,69,115,3,188,188,127,45,157,81,135,146,250,260,194,232,51,22,39,37,57,32,96,207,18,237,57,165,81,57,174,150,174,184
189,13,179,210,249,52,28,185,79,71,20,89,115,79,128,82,71,28,197,206,169,124,236,103,68,25,169,66,56,1,235,55,169,74,147,67,169,162,192,142,18,14
53,35,171,245,27,144,30,188,242,223,188,48,81,260,165,171,194,229,178,188,136,107,251,150,209,184,212,22,129,96,172,143,18,30,157,144,252,69,109,232,227,14
257,208,75,194,190,5,122,157,260,242,235,71,201,68,75,191,77,119,67,94,119,145,147,69,70,2,147,25,117,96,42,57,211,221,187,235,51,159,41,145,162,62
