,basics_off,batch,epoch,loss,mean_jaccard_similarity,spells_off
0,2.7246782779693604,0,2,8.923290252685547,0.5906639099121094,9.477201461791992
1,2.575890064239502,1,2,8.54965591430664,0.5840498805046082,9.454211235046387
2,2.623553514480591,2,2,8.74705696105957,0.5820257663726807,9.493792533874512
3,2.6942849159240723,3,2,8.612422943115234,0.5704483985900879,9.514327049255371
4,2.4589743614196777,4,2,8.231145858764648,0.5828374624252319,9.539177894592285
5,2.5137791633605957,5,2,8.4313383102417,0.5632664561271667,9.570590019226074
6,2.5919947624206543,6,2,8.514503479003906,0.5785073041915894,9.408233642578125
7,2.6510989665985107,7,2,8.459707260131836,0.585097074508667,9.434349060058594
8,2.7288434505462646,8,2,8.936050415039062,0.5831919312477112,9.489892959594727
9,2.591442823410034,9,2,8.601512908935547,0.5814101099967957,9.51529598236084
10,2.919386386871338,10,2,9.0325927734375,0.5953730344772339,9.40744400024414
11,2.45550537109375,11,2,8.61481761932373,0.5714613199234009,9.388516426086426
12,2.7053301334381104,12,2,8.664769172668457,0.5771533250808716,9.547606468200684
13,2.593900680541992,13,2,8.56661605834961,0.5767305493354797,9.536565780639648
14,2.7443668842315674,14,2,9.227457046508789,0.5624042749404907,9.728087425231934
15,2.7177927494049072,15,2,8.812921524047852,0.5698554515838623,9.708813667297363
16,2.7367942333221436,16,2,9.166999816894531,0.5793842077255249,9.971771240234375
17,2.4779293537139893,17,2,8.576892852783203,0.5793449878692627,9.925141334533691
18,2.4906535148620605,18,2,8.242968559265137,0.5742630958557129,9.246766090393066
19,2.7782680988311768,19,2,9.18797492980957,0.5695186257362366,9.32931900024414
20,2.7713096141815186,20,2,8.704489707946777,0.6087441444396973,8.958218574523926
21,2.680497407913208,21,2,8.725556373596191,0.6037487983703613,9.207854270935059
22,2.6930313110351562,22,2,8.593345642089844,0.599219024181366,9.09035587310791
23,2.823575496673584,23,2,9.490316390991211,0.5848524570465088,9.438380241394043
24,2.7306995391845703,24,2,8.632943153381348,0.6107765436172485,9.253167152404785
25,2.605323553085327,25,2,8.6893949508667,0.5846253037452698,9.293096542358398
26,2.6285645961761475,26,2,8.640992164611816,0.5848091244697571,9.55823802947998
27,2.6779026985168457,27,2,8.852604866027832,0.5897115468978882,9.429320335388184
28,2.799983024597168,28,2,9.464140892028809,0.5745342373847961,9.679844856262207
29,2.7631232738494873,29,2,8.95449161529541,0.5683175325393677,9.347021102905273
30,2.803619861602783,30,2,9.012081146240234,0.5903213620185852,9.36705493927002
31,2.6596734523773193,31,2,8.908121109008789,0.5768148899078369,9.620667457580566
32,2.783874750137329,32,2,9.14026165008545,0.5769949555397034,9.623130798339844
33,2.5937256813049316,33,2,8.579224586486816,0.5740342140197754,9.428641319274902
34,2.6031558513641357,34,2,8.680981636047363,0.5905720591545105,9.387185096740723
35,2.67293119430542,35,2,8.646539688110352,0.5870615243911743,9.555893898010254
36,2.6707990169525146,36,2,8.705032348632812,0.5770989656448364,9.49670696258545
37,2.7693517208099365,37,2,9.087648391723633,0.5843037962913513,9.584607124328613
38,2.8262574672698975,38,2,9.08200454711914,0.5728825330734253,9.21145248413086
39,2.7167868614196777,39,2,9.364873886108398,0.5886009931564331,9.464653015136719
40,2.6321463584899902,40,2,8.487112998962402,0.5856388807296753,9.173897743225098
41,2.8057265281677246,41,2,9.172234535217285,0.5847622156143188,9.504878044128418
42,2.8673338890075684,42,2,9.172060012817383,0.577212929725647,9.493795394897461
43,2.8814854621887207,43,2,9.70901107788086,0.5629367828369141,9.738774299621582
44,2.593306303024292,44,2,8.558920860290527,0.5732874870300293,9.506404876708984
45,2.8119430541992188,45,2,9.055109024047852,0.5876927971839905,9.587830543518066
46,2.6976523399353027,46,2,8.835734367370605,0.574384331703186,9.802817344665527
47,2.828064441680908,47,2,8.815414428710938,0.5985065698623657,9.618535995483398
48,2.6887130737304688,48,2,8.678505897521973,0.5887048244476318,9.47376537322998
49,2.6994781494140625,49,2,8.612274169921875,0.5780364274978638,9.405303955078125
50,2.77705979347229,50,2,9.251258850097656,0.5830164551734924,9.534490585327148
51,2.506115436553955,51,2,7.888548851013184,0.5951135158538818,8.852943420410156
52,2.7575762271881104,52,2,8.758861541748047,0.5842725038528442,9.216327667236328
53,2.929581880569458,53,2,9.650849342346191,0.5753811597824097,9.349773406982422
54,2.754103899002075,54,2,8.878310203552246,0.5774704813957214,9.200425148010254
55,2.746108293533325,55,2,8.692218780517578,0.5754128694534302,9.389702796936035
56,2.650935173034668,56,2,8.730993270874023,0.5689501762390137,9.4651460647583
57,2.9427261352539062,57,2,9.410107612609863,0.5880821943283081,9.36538028717041
58,2.4617905616760254,58,2,8.290740013122559,0.5720168352127075,9.510927200317383
59,2.880769968032837,59,2,9.614381790161133,0.56397545337677,10.144960403442383
60,2.7304890155792236,60,2,8.495222091674805,0.577911376953125,9.52510929107666
61,2.679163694381714,61,2,8.847123146057129,0.5790892839431763,10.000226974487305
62,2.8502018451690674,62,2,9.207725524902344,0.5686404705047607,9.885621070861816
63,2.718651294708252,63,2,8.772537231445312,0.5729939937591553,9.551836967468262
64,2.7648003101348877,64,2,8.918606758117676,0.5767195224761963,9.57245922088623
65,2.5217771530151367,65,2,8.407803535461426,0.5918673276901245,9.607306480407715
66,2.7591159343719482,66,2,8.771108627319336,0.5864946246147156,9.336503028869629
67,2.6663355827331543,67,2,8.410257339477539,0.5814645290374756,9.129304885864258
68,2.795330762863159,68,2,9.419660568237305,0.5776599645614624,9.784157752990723
69,2.8220620155334473,69,2,9.403925895690918,0.5773211717605591,9.50296401977539
70,2.737100124359131,70,2,8.773667335510254,0.5748263001441956,9.383472442626953
71,2.5983667373657227,71,2,8.512465476989746,0.5740864276885986,9.493552207946777
72,2.601835250854492,72,2,8.194904327392578,0.5827474594116211,9.33377742767334
73,2.5794148445129395,73,2,8.552848815917969,0.5876748561859131,9.608351707458496
74,2.775557279586792,74,2,8.865571022033691,0.5947669148445129,9.253897666931152
75,2.5853235721588135,75,2,8.867232322692871,0.581009030342102,9.69937515258789
76,2.648096799850464,76,2,8.64467716217041,0.6043699979782104,9.3086519241333
77,2.77958607673645,77,2,8.757262229919434,0.5981887578964233,9.190238952636719
78,2.6129062175750732,78,2,8.827146530151367,0.595731258392334,9.260967254638672
79,2.6845686435699463,79,2,8.773307800292969,0.5847257375717163,9.142067909240723
80,2.780513286590576,80,2,9.185378074645996,0.5844336152076721,9.549003601074219
81,2.6284432411193848,81,2,8.567720413208008,0.5875363349914551,9.263914108276367
82,2.676248550415039,82,2,8.602822303771973,0.5800862908363342,9.651016235351562
83,2.7089059352874756,83,2,8.813270568847656,0.5832904577255249,9.759093284606934
84,2.5180304050445557,84,2,8.095866203308105,0.5848926901817322,9.22393798828125
85,2.5859694480895996,85,2,8.405914306640625,0.5800129175186157,9.372426986694336
86,2.5838890075683594,86,2,8.670451164245605,0.5862532258033752,9.522554397583008
87,2.7627274990081787,87,2,9.1055908203125,0.5822142362594604,9.141707420349121
88,2.5438215732574463,88,2,8.549688339233398,0.5786636471748352,9.2805757522583
89,2.677631378173828,89,2,8.787995338439941,0.5960776805877686,9.217151641845703
90,2.920409917831421,90,2,9.418115615844727,0.5736170411109924,9.595059394836426
91,2.5798299312591553,91,2,8.68118667602539,0.5834115743637085,9.227371215820312
92,2.6117231845855713,92,2,8.616729736328125,0.5694582462310791,9.440469741821289
93,2.6638121604919434,93,2,8.703558921813965,0.583081066608429,9.66438102722168
94,2.684976100921631,94,2,9.206748962402344,0.5662364363670349,10.09078598022461
95,2.5857856273651123,95,2,8.47584342956543,0.5754501819610596,9.660550117492676
96,2.6750669479370117,96,2,8.765865325927734,0.5656911730766296,9.736165046691895
97,2.580303907394409,97,2,9.149885177612305,0.5814186334609985,9.767598152160645
98,2.731858730316162,98,2,9.145930290222168,0.5703660249710083,9.897127151489258
99,2.649963855743408,99,2,8.447402000427246,0.6018808484077454,8.735889434814453
100,2.748173475265503,100,2,9.055559158325195,0.5813575983047485,9.120299339294434
101,2.69260311126709,101,2,8.746867179870605,0.5836862921714783,9.13839054107666
102,2.769423484802246,102,2,8.748353004455566,0.6017884016036987,8.901087760925293
103,2.655226707458496,103,2,8.917344093322754,0.5886433124542236,9.347667694091797
104,2.7613985538482666,104,2,9.07732105255127,0.6016038656234741,9.33373737335205
105,2.635322332382202,105,2,8.290538787841797,0.5849819779396057,9.171748161315918
106,2.493091583251953,106,2,8.07925033569336,0.5848058462142944,9.311395645141602
107,2.484706163406372,107,2,8.225019454956055,0.5727970600128174,9.325784683227539
108,2.6657626628875732,108,2,8.59818172454834,0.5791455507278442,9.409321784973145
109,2.656277656555176,109,2,8.556300163269043,0.577643871307373,9.417093276977539
110,2.683441162109375,110,2,8.538837432861328,0.5843901038169861,9.335114479064941
111,2.494407892227173,111,2,8.304966926574707,0.5779938101768494,9.299572944641113
112,2.5654375553131104,112,2,8.569366455078125,0.5772349834442139,9.45421028137207
113,2.5850653648376465,113,2,8.53326416015625,0.5731680989265442,9.406172752380371
114,2.6412179470062256,114,2,8.378582954406738,0.5721339583396912,9.378990173339844
115,2.7827508449554443,115,2,8.598333358764648,0.5923996567726135,9.452912330627441
116,3.018230676651001,116,2,9.688806533813477,0.5931366682052612,9.911693572998047
117,2.812511920928955,117,2,8.992835998535156,0.5906939506530762,9.355990409851074
118,2.4815661907196045,118,2,8.100018501281738,0.5906890630722046,9.310774803161621
119,2.8412487506866455,119,2,9.63467788696289,0.5890774130821228,9.616785049438477
120,2.8450520038604736,120,2,9.187663078308105,0.5877420902252197,9.553210258483887
121,2.5696756839752197,121,2,8.239107131958008,0.5993558168411255,9.024654388427734
122,2.5694398880004883,122,2,8.945460319519043,0.5630818605422974,9.546937942504883
123,2.751024007797241,123,2,8.865532875061035,0.5726529359817505,9.489543914794922
124,2.6076388359069824,124,2,8.637700080871582,0.5968853831291199,9.319512367248535
125,2.6354048252105713,125,2,8.877503395080566,0.5850897431373596,9.542252540588379
126,2.8088340759277344,126,2,9.902067184448242,0.576260507106781,9.966248512268066
127,2.574808120727539,127,2,8.76279354095459,0.5888043642044067,9.697428703308105
128,2.529690742492676,128,2,8.936537742614746,0.5643010139465332,9.58883285522461
129,2.670072555541992,129,2,8.504321098327637,0.5858471989631653,9.39993667602539
130,2.473520278930664,130,2,8.308847427368164,0.5877554416656494,9.187764167785645
131,2.5840907096862793,131,2,8.614226341247559,0.585913360118866,9.13276481628418
132,2.810298204421997,132,2,9.029669761657715,0.5916640758514404,9.200767517089844
133,2.5761992931365967,133,2,8.49030590057373,0.5935348272323608,9.280322074890137
134,2.73844313621521,134,2,9.012153625488281,0.5862379670143127,9.434298515319824
135,2.6753344535827637,135,2,9.101014137268066,0.5800012350082397,9.421955108642578
136,2.713409185409546,136,2,8.768896102905273,0.5933006405830383,9.25948715209961
137,2.775059223175049,137,2,8.788788795471191,0.5819717049598694,9.432270050048828
138,2.594301223754883,138,2,8.49539852142334,0.5914479494094849,9.27118968963623
139,2.8352513313293457,139,2,9.745047569274902,0.5692561864852905,9.802787780761719
140,2.658390522003174,140,2,9.030906677246094,0.5924577713012695,9.682451248168945
141,2.799406051635742,141,2,9.42254638671875,0.5837072730064392,9.96024227142334
142,2.642428159713745,142,2,9.231593132019043,0.5534023642539978,9.885222434997559
143,2.6185905933380127,143,2,8.468067169189453,0.5777043104171753,9.700357437133789
144,2.8005597591400146,144,2,9.27482795715332,0.5793367624282837,9.708857536315918
145,2.622887372970581,145,2,8.63228988647461,0.5868602395057678,9.481268882751465
146,2.469911813735962,146,2,8.278264045715332,0.5867283344268799,9.26343059539795
147,2.7046892642974854,147,2,8.8149995803833,0.6000913381576538,9.097908973693848
148,2.7209675312042236,148,2,9.126944541931152,0.5856081247329712,9.219730377197266
149,2.6849470138549805,149,2,9.262121200561523,0.5671864151954651,9.16816520690918
150,2.503035068511963,150,2,8.370012283325195,0.5930448770523071,8.934722900390625
151,2.73380446434021,151,2,8.971776008605957,0.5943295359611511,9.016165733337402
152,2.4648897647857666,152,2,8.141328811645508,0.6055994033813477,8.877073287963867
153,2.582793712615967,153,2,8.56815242767334,0.5740779638290405,9.30451774597168
154,2.7228212356567383,154,2,8.972297668457031,0.5776200890541077,9.847000122070312
155,2.4228272438049316,155,2,8.150493621826172,0.5867135524749756,9.502584457397461
156,2.5900943279266357,156,2,8.664520263671875,0.5759279727935791,9.729320526123047
157,2.6609442234039307,157,2,8.944204330444336,0.5928376913070679,9.864348411560059
158,2.5548558235168457,158,2,8.524967193603516,0.5850309729576111,9.46419906616211
159,2.6560425758361816,159,2,8.398551940917969,0.5910741090774536,8.98889446258545
160,2.889785051345825,160,2,9.85405158996582,0.5736327767372131,9.552838325500488
161,2.722738027572632,161,2,8.810870170593262,0.5754691958427429,9.063027381896973
162,2.816533327102661,162,2,9.381964683532715,0.5766705274581909,9.207523345947266
163,2.6950039863586426,163,2,8.762579917907715,0.6006581783294678,9.028796195983887
164,2.3845763206481934,164,2,7.939271926879883,0.597028911113739,9.200052261352539
165,2.6796841621398926,165,2,8.764200210571289,0.5779773592948914,9.340404510498047
166,2.5990867614746094,166,2,9.01994514465332,0.5623891353607178,10.16614818572998
167,2.7685751914978027,167,2,9.06483268737793,0.5722677707672119,10.071032524108887
168,2.886761426925659,168,2,9.184614181518555,0.5746729969978333,9.920816421508789
169,2.842604637145996,169,2,9.150558471679688,0.577689528465271,9.737404823303223
170,2.556737184524536,170,2,8.317981719970703,0.5889896154403687,9.533062934875488
171,2.741593837738037,171,2,8.91545295715332,0.5890108346939087,9.420374870300293
172,2.8147456645965576,172,2,9.129270553588867,0.5847429037094116,9.114874839782715
173,2.5826773643493652,173,2,8.573639869689941,0.5847469568252563,9.0524320602417
174,2.4848670959472656,174,2,8.167404174804688,0.6039122343063354,8.810461044311523
175,2.437058687210083,175,2,7.901116371154785,0.5866614580154419,8.8342924118042
176,2.6458921432495117,176,2,8.558709144592285,0.5916935801506042,9.006633758544922
177,2.4996566772460938,177,2,8.407560348510742,0.5804697275161743,9.062273979187012
178,2.5998778343200684,178,2,8.729846000671387,0.577328085899353,9.276321411132812
179,2.4157040119171143,179,2,8.025908470153809,0.5883277654647827,9.287734031677246
180,2.4862067699432373,180,2,8.38732624053955,0.5708456039428711,9.592671394348145
181,2.6932008266448975,181,2,8.929475784301758,0.576087236404419,9.793496131896973
182,2.56406831741333,182,2,8.478730201721191,0.5795433521270752,9.58980941772461
183,2.6155800819396973,183,2,8.54298210144043,0.5840122699737549,9.728228569030762
184,2.815056562423706,184,2,9.45116138458252,0.5780026912689209,9.995038032531738
185,2.4278783798217773,185,2,8.358256340026855,0.5700386762619019,9.42508602142334
186,2.5606300830841064,186,2,8.33709716796875,0.5978050231933594,9.08289623260498
187,2.641162395477295,187,2,8.685782432556152,0.5733469724655151,9.33540153503418
188,2.654989004135132,188,2,8.786808013916016,0.5968812704086304,9.545072555541992
189,2.6991724967956543,189,2,9.990251541137695,0.5791544914245605,9.678237915039062
190,2.734326124191284,190,2,8.780685424804688,0.6044542789459229,9.109481811523438
191,2.96095609664917,191,2,9.606853485107422,0.5878961682319641,9.418478965759277
192,2.7321314811706543,192,2,9.009808540344238,0.5779930353164673,9.29806137084961
193,2.498782157897949,193,2,8.251738548278809,0.5820664167404175,9.39520263671875
194,2.3695781230926514,194,2,8.157294273376465,0.5757206678390503,9.453094482421875
195,2.4612298011779785,195,2,8.05321979522705,0.5817492008209229,9.359241485595703
196,2.930087089538574,196,2,9.779194831848145,0.5513991713523865,9.792295455932617
197,2.5982863903045654,197,2,8.503527641296387,0.5617173314094543,9.511428833007812
198,2.620217800140381,198,2,8.773873329162598,0.567268967628479,9.599695205688477
199,2.612989902496338,199,2,8.96515941619873,0.5814384818077087,9.502836227416992
200,2.5412838459014893,200,2,8.389213562011719,0.572819709777832,9.51649284362793
201,2.519456624984741,201,2,8.26294231414795,0.5932567119598389,9.416009902954102
202,2.474210739135742,202,2,8.191156387329102,0.5919637680053711,9.366412162780762
203,2.5191354751586914,203,2,8.373984336853027,0.5783032178878784,9.393152236938477
204,2.421109199523926,204,2,8.143902778625488,0.5905682444572449,9.172740936279297
205,2.5015735626220703,205,2,8.229662895202637,0.5777871608734131,9.308719635009766
206,2.546308994293213,206,2,8.397300720214844,0.589447021484375,9.24637222290039
207,2.5665643215179443,207,2,8.069745063781738,0.5793648958206177,9.187810897827148
208,2.29390025138855,208,2,7.812963962554932,0.5599451065063477,9.327259063720703
209,2.5135536193847656,209,2,8.777115821838379,0.5715579986572266,9.432917594909668
210,2.409670829772949,210,2,8.150317192077637,0.5834952592849731,9.486976623535156
211,2.776155948638916,211,2,9.022357940673828,0.5805517435073853,9.472373008728027
212,2.6401455402374268,212,2,8.356964111328125,0.5983800888061523,9.218405723571777
213,2.5106923580169678,213,2,8.368412017822266,0.5853897333145142,9.182234764099121
214,2.594961166381836,214,2,8.373542785644531,0.5971959829330444,9.303030967712402
215,2.732740879058838,215,2,8.786896705627441,0.5834258198738098,9.53726863861084
216,2.8065288066864014,216,2,9.268107414245605,0.6034709215164185,9.329938888549805
217,2.8708157539367676,217,2,9.085143089294434,0.5846250057220459,9.02801513671875
218,2.454019069671631,218,2,7.662733554840088,0.6068203449249268,8.960147857666016
219,2.73535418510437,219,2,9.341584205627441,0.5660300850868225,9.698391914367676
220,2.6576054096221924,220,2,9.279438972473145,0.5892871022224426,9.495502471923828
221,2.580075740814209,221,2,8.47316837310791,0.5813566446304321,9.671478271484375
222,2.581636667251587,222,2,8.27772331237793,0.578047513961792,9.490818977355957
223,2.5761241912841797,223,2,8.287751197814941,0.5751802921295166,9.367729187011719
224,2.549389600753784,224,2,8.504620552062988,0.5715265274047852,9.61323070526123
225,2.573085308074951,225,2,8.328847885131836,0.5734456777572632,9.303278923034668
226,2.5553743839263916,226,2,8.314186096191406,0.5803636908531189,9.185768127441406
227,2.593233108520508,227,2,8.36116886138916,0.5829852819442749,9.444635391235352
228,2.574275016784668,228,2,8.389046669006348,0.58065265417099,9.18310260772705
229,2.612309455871582,229,2,8.351287841796875,0.5773512125015259,9.101333618164062
230,2.683875322341919,230,2,9.016190528869629,0.5853971242904663,9.47282600402832
231,2.4069972038269043,231,2,8.280110359191895,0.579184353351593,9.225476264953613
232,2.3651063442230225,232,2,7.806825637817383,0.5781538486480713,9.116731643676758
233,2.5978434085845947,233,2,8.342855453491211,0.6019452810287476,8.979945182800293
234,2.4419775009155273,234,2,7.88185453414917,0.5899321436882019,9.031230926513672
235,2.4775118827819824,235,2,8.234289169311523,0.5963767766952515,9.370023727416992
236,2.342911958694458,236,2,7.693092346191406,0.5840993523597717,9.184042930603027
237,2.527700901031494,237,2,9.021835327148438,0.565351128578186,9.827522277832031
238,2.546344041824341,238,2,8.36479663848877,0.5739033818244934,9.487359046936035
239,2.494096040725708,239,2,8.347444534301758,0.5854412317276001,9.60230827331543
240,2.7029526233673096,240,2,9.206443786621094,0.5750883221626282,9.909906387329102
241,2.3586983680725098,241,2,8.235603332519531,0.5717020630836487,9.442598342895508
242,2.7290666103363037,242,2,8.77878475189209,0.5738928318023682,9.62090015411377
243,2.452519655227661,243,2,7.785584449768066,0.5892831087112427,9.098967552185059
244,2.816848039627075,244,2,9.293305397033691,0.584532618522644,9.813674926757812
245,2.607851505279541,245,2,8.872575759887695,0.582423746585846,9.550045013427734
246,2.543431520462036,246,2,8.220663070678711,0.5905753970146179,9.33841323852539
247,2.494704484939575,247,2,8.530241966247559,0.5836437940597534,9.481216430664062
248,2.731666326522827,248,2,8.7802152633667,0.5910605788230896,9.441600799560547
249,2.645871877670288,249,2,8.741588592529297,0.5865147113800049,9.41724681854248
250,2.7379343509674072,250,2,9.285810470581055,0.5835714340209961,9.39808177947998
251,2.6380393505096436,251,2,8.567525863647461,0.5982007384300232,9.333812713623047
252,2.6454434394836426,252,2,8.55016803741455,0.5905953049659729,9.176972389221191
253,2.4308176040649414,253,2,8.08454704284668,0.5714791417121887,9.234129905700684
254,2.5906262397766113,254,2,8.621115684509277,0.5742681622505188,9.507935523986816
255,2.5357556343078613,255,2,8.521324157714844,0.5890302658081055,9.347585678100586
256,2.6763548851013184,256,2,9.020737648010254,0.5740867257118225,9.45800495147705
257,2.6668946743011475,257,2,8.753905296325684,0.5820667743682861,9.26518726348877
258,2.593804359436035,258,2,8.427148818969727,0.5730539560317993,9.246904373168945
259,2.4651126861572266,259,2,8.337750434875488,0.5784173607826233,9.545170783996582
260,2.7490785121917725,260,2,8.96240520477295,0.5886269211769104,9.39388656616211
261,2.5835142135620117,261,2,8.776015281677246,0.5858277082443237,9.361352920532227
262,2.6410090923309326,262,2,8.811694145202637,0.5812338590621948,9.774972915649414
263,2.698822498321533,263,2,8.594769477844238,0.5898845195770264,9.213604927062988
264,2.5629355907440186,264,2,8.36410903930664,0.597108006477356,9.056053161621094
265,2.705439329147339,265,2,8.593502044677734,0.5954464673995972,9.056376457214355
266,2.7659811973571777,266,2,9.154613494873047,0.5736665725708008,9.351669311523438
267,2.737255096435547,267,2,8.986319541931152,0.5896204710006714,9.308944702148438
268,2.54184627532959,268,2,7.970468521118164,0.586239755153656,9.013038635253906
269,2.5705933570861816,269,2,8.172171592712402,0.5898618698120117,9.215785026550293
270,2.815828323364258,270,2,9.315461158752441,0.5787757039070129,9.746190071105957
271,2.4251229763031006,271,2,8.056066513061523,0.5796308517456055,9.387616157531738
272,2.4553122520446777,272,2,7.9567108154296875,0.586819589138031,9.26239013671875
273,2.7006185054779053,273,2,8.917508125305176,0.5808755159378052,9.631145477294922
274,2.6908957958221436,274,2,8.905912399291992,0.5726993083953857,9.697121620178223
275,2.593721389770508,275,2,8.580512046813965,0.5788882970809937,9.58253288269043
276,2.6468067169189453,276,2,8.503135681152344,0.5917285084724426,9.506665229797363
277,2.5896544456481934,277,2,8.433751106262207,0.5866823196411133,9.632526397705078
278,2.677319049835205,278,2,8.511892318725586,0.5744088888168335,9.562885284423828
279,2.623354434967041,279,2,8.774836540222168,0.5711867809295654,9.367647171020508
280,2.5689661502838135,280,2,8.521709442138672,0.590567946434021,9.235715866088867
281,2.3845701217651367,281,2,8.487510681152344,0.5808781981468201,9.32854175567627
282,2.378452777862549,282,2,7.9083356857299805,0.6041011810302734,8.990092277526855
283,2.5256574153900146,283,2,8.399611473083496,0.6061006188392639,8.842244148254395
284,2.727224111557007,284,2,8.89452075958252,0.5954027771949768,9.112906455993652
285,2.738353967666626,285,2,9.091948509216309,0.6038655042648315,9.298906326293945
286,2.637796640396118,286,2,8.928911209106445,0.5793917775154114,9.328354835510254
287,2.549201726913452,287,2,8.4028959274292,0.5972253084182739,9.419182777404785
288,2.5465140342712402,288,2,8.189326286315918,0.6081459522247314,9.246837615966797
289,2.863166570663452,289,2,9.46786117553711,0.5782183408737183,9.711240768432617
290,2.620781421661377,290,2,8.96638011932373,0.59161376953125,9.859932899475098
291,2.679702043533325,291,2,8.672429084777832,0.5733881592750549,9.6266508102417
292,2.3338825702667236,292,2,8.33835506439209,0.5567864775657654,9.695697784423828
293,2.420593738555908,293,2,7.667935848236084,0.5949195027351379,8.81671142578125
294,2.651994228363037,294,2,8.61574649810791,0.5770546793937683,9.128954887390137
295,2.429697036743164,295,2,8.232817649841309,0.5901138186454773,9.177411079406738
296,2.586608409881592,296,2,8.56667709350586,0.5722925662994385,9.202486038208008
297,2.6087207794189453,297,2,8.685615539550781,0.6046448945999146,9.482917785644531
298,2.3514554500579834,298,2,7.603315830230713,0.5829660892486572,9.01720142364502
299,2.683479070663452,299,2,8.959010124206543,0.5786330699920654,9.749290466308594
300,2.712005615234375,300,2,8.811984062194824,0.5838843584060669,9.47649097442627
301,2.7343063354492188,301,2,9.197431564331055,0.5730525255203247,9.840506553649902
302,2.4496424198150635,302,2,8.160067558288574,0.5932748913764954,9.63569450378418
303,2.448028326034546,303,2,8.094386100769043,0.5867712497711182,9.41881275177002
304,2.4899682998657227,304,2,8.288252830505371,0.5831661820411682,9.284781455993652
305,2.4849812984466553,305,2,7.885801792144775,0.6159041523933411,8.986921310424805
306,2.50895357131958,306,2,8.698840141296387,0.5780190229415894,9.285306930541992
307,2.604132652282715,307,2,8.614248275756836,0.5945388674736023,9.058666229248047
308,2.550623893737793,308,2,8.159820556640625,0.6213259696960449,8.622354507446289
309,2.375901699066162,309,2,7.918089389801025,0.6057964563369751,8.959854125976562
310,2.71079683303833,310,2,8.709880828857422,0.5993679761886597,9.028587341308594
311,2.4574544429779053,311,2,8.155810356140137,0.5885743498802185,9.14017105102539
312,2.7695658206939697,312,2,9.617734909057617,0.5921423435211182,9.369379043579102
313,2.502798080444336,313,2,8.349213600158691,0.5859137773513794,9.420012474060059
314,2.5846455097198486,314,2,8.4798583984375,0.5902386903762817,9.547574043273926
315,2.7286880016326904,315,2,8.979536056518555,0.5850821733474731,9.725330352783203
316,2.429708242416382,316,2,8.161748886108398,0.5918141007423401,9.441411018371582
317,2.8097989559173584,317,2,9.541756629943848,0.5843687057495117,9.479636192321777
318,2.576446294784546,318,2,8.36352825164795,0.594353199005127,9.058670043945312
319,2.6728808879852295,319,2,8.920940399169922,0.5875110626220703,9.22575855255127
320,2.5557665824890137,320,2,8.23498821258545,0.5835846662521362,8.945987701416016
321,2.70733904838562,321,2,9.124044418334961,0.5836047530174255,9.169057846069336
322,2.447148323059082,322,2,8.22537899017334,0.6048133373260498,9.105093955993652
323,2.686389446258545,323,2,8.779886245727539,0.5722273588180542,9.453229904174805
324,2.446155071258545,324,2,8.363114356994629,0.5797622203826904,9.7571382522583
325,2.567814826965332,325,2,8.493486404418945,0.5627379417419434,9.619222640991211
326,2.7170698642730713,326,2,8.840249061584473,0.5857452154159546,9.94698715209961
327,2.5795512199401855,327,2,8.697230339050293,0.5702409744262695,9.893857955932617
328,2.500739574432373,328,2,8.477494239807129,0.5626400113105774,9.699453353881836
329,2.615078926086426,329,2,7.926572322845459,0.5853570103645325,9.100303649902344
330,2.534733772277832,330,2,8.306671142578125,0.569728672504425,9.369176864624023
331,2.4918484687805176,331,2,8.356886863708496,0.5998375415802002,8.91666030883789
332,2.5839836597442627,332,2,8.453925132751465,0.5942051410675049,9.14055061340332
333,2.6805787086486816,333,2,9.163707733154297,0.5886287689208984,9.450153350830078
334,2.598412275314331,334,2,8.28187084197998,0.5856261253356934,9.086597442626953
335,2.666950225830078,335,2,9.087274551391602,0.590582549571991,9.488219261169434
336,2.4579052925109863,336,2,7.938715934753418,0.5943288803100586,9.12911605834961
337,2.5356411933898926,337,2,8.270026206970215,0.5831426382064819,9.40120792388916
338,2.6449620723724365,338,2,8.671882629394531,0.5809677243232727,9.548013687133789
339,2.4568541049957275,339,2,8.185932159423828,0.5907877683639526,9.270851135253906
340,2.7506520748138428,340,2,9.024896621704102,0.5923703908920288,9.247623443603516
341,2.5981059074401855,341,2,8.582273483276367,0.5857006311416626,9.365554809570312
342,2.7677769660949707,342,2,8.578983306884766,0.5958815217018127,9.103744506835938
343,2.8466687202453613,343,2,9.442687034606934,0.5723079442977905,9.759672164916992
344,2.763566255569458,344,2,8.909333229064941,0.5837591290473938,9.139209747314453
345,2.6019763946533203,345,2,8.75110149383545,0.5818051099777222,9.660970687866211
346,2.702418565750122,346,2,8.727066993713379,0.598105788230896,9.325460433959961
347,2.642333507537842,347,2,8.34958267211914,0.5988466739654541,9.18164348602295
348,2.746326446533203,348,2,8.992375373840332,0.5730162858963013,9.7107572555542
349,2.6922736167907715,349,2,8.932589530944824,0.5841261148452759,9.592671394348145
350,2.5821547508239746,350,2,8.35368824005127,0.5704965591430664,9.273975372314453
351,2.8342270851135254,351,2,9.252884864807129,0.5859682559967041,9.394186019897461
352,2.884510040283203,352,2,9.581677436828613,0.5852874517440796,9.46996021270752
353,2.342000722885132,353,2,7.786498069763184,0.5891396999359131,9.024282455444336
354,2.7078604698181152,354,2,9.179332733154297,0.5903704166412354,9.332595825195312
355,2.5098705291748047,355,2,8.338922500610352,0.5859224796295166,9.083540916442871
356,2.7860634326934814,356,2,9.134346008300781,0.5909713506698608,9.241189002990723
357,2.6230900287628174,357,2,8.465059280395508,0.590873122215271,9.057944297790527
358,2.4754767417907715,358,2,8.000178337097168,0.5914667844772339,9.149650573730469
359,2.6163058280944824,359,2,8.311930656433105,0.5952661037445068,9.016719818115234
360,2.7540981769561768,360,2,9.031496047973633,0.6008328199386597,9.238590240478516
361,2.6503260135650635,361,2,8.67536449432373,0.5832034945487976,9.274580001831055
362,2.6765964031219482,362,2,8.666755676269531,0.5967163443565369,9.179559707641602
363,2.570380687713623,363,2,8.621808052062988,0.5813761949539185,9.50567626953125
364,2.652282953262329,364,2,8.875590324401855,0.5732806921005249,9.574164390563965
365,2.7796220779418945,365,2,9.144205093383789,0.5615766048431396,9.550189018249512
366,2.4624178409576416,366,2,8.560806274414062,0.5757451057434082,9.632072448730469
367,2.59541392326355,367,2,8.400215148925781,0.5683465600013733,9.540523529052734
368,2.4521913528442383,368,2,8.270194053649902,0.5797833800315857,9.908217430114746
369,2.70182466506958,369,2,8.53161907196045,0.5915042161941528,9.360527038574219
370,2.53253173828125,370,2,8.348407745361328,0.5958688855171204,9.071012496948242
371,2.7004292011260986,371,2,8.484275817871094,0.5859363675117493,9.0009126663208
372,2.743863105773926,372,2,9.107512474060059,0.5882848501205444,9.15506649017334
373,2.6474356651306152,373,2,9.020587921142578,0.5896626114845276,9.163790702819824
374,2.5969254970550537,374,2,8.847733497619629,0.5921077728271484,9.135181427001953
375,2.654048204421997,375,2,8.79583740234375,0.5894721150398254,9.193310737609863
376,2.6022047996520996,376,2,8.68952751159668,0.568035364151001,9.308165550231934
377,2.6267387866973877,377,2,9.135226249694824,0.5831433534622192,9.762547492980957
378,2.5625851154327393,378,2,8.699135780334473,0.5746739506721497,9.784873008728027
379,2.5895540714263916,379,2,8.731733322143555,0.570513129234314,9.90537166595459
380,2.5374937057495117,380,2,8.1608247756958,0.5786474347114563,9.657814979553223
381,2.7295050621032715,381,2,9.042948722839355,0.5954246520996094,9.833255767822266
382,2.9284565448760986,382,2,9.593928337097168,0.5695821046829224,9.839167594909668
383,2.6926779747009277,383,2,8.938155174255371,0.5801976323127747,9.765320777893066
384,2.56903076171875,384,2,8.501445770263672,0.5707017779350281,9.229996681213379
385,2.4233710765838623,385,2,8.24557876586914,0.5843243598937988,9.385757446289062
386,2.566311836242676,386,2,9.032499313354492,0.5736441612243652,9.716946601867676
387,2.6281514167785645,387,2,8.667179107666016,0.5812009572982788,9.518608093261719
388,2.3601372241973877,388,2,8.314663887023926,0.5819228887557983,9.801447868347168
389,2.5143473148345947,389,2,8.26347827911377,0.5808956623077393,9.415875434875488
390,2.5202219486236572,390,2,8.134235382080078,0.568202793598175,9.379557609558105
391,2.3921356201171875,391,2,7.719415664672852,0.600714921951294,9.068860054016113
392,2.436591148376465,392,2,7.77417516708374,0.619259238243103,9.024470329284668
393,2.5902163982391357,393,2,8.822675704956055,0.5930560231208801,9.319565773010254
394,2.651705741882324,394,2,8.806349754333496,0.5886293649673462,9.256068229675293
395,2.4005088806152344,395,2,8.174942016601562,0.5956868529319763,9.166500091552734
396,2.5475664138793945,396,2,8.662850379943848,0.5903323888778687,9.301657676696777
397,2.4239940643310547,397,2,8.055451393127441,0.5969796776771545,9.205693244934082
398,2.7407991886138916,398,2,9.102444648742676,0.5859191417694092,9.365618705749512
399,2.856935501098633,399,2,9.574566841125488,0.5916488170623779,9.492768287658691
400,2.714599847793579,400,2,9.080552101135254,0.5815533399581909,9.440443992614746
401,2.6412229537963867,401,2,8.562599182128906,0.5939065217971802,9.584657669067383
402,2.8525848388671875,402,2,9.448780059814453,0.5698363184928894,9.846274375915527
403,2.4523890018463135,403,2,8.250046730041504,0.5858557224273682,9.520161628723145
404,2.6851913928985596,404,2,8.839558601379395,0.5838518142700195,9.313477516174316
405,2.4101457595825195,405,2,8.23692512512207,0.5901598930358887,9.526628494262695
406,2.492743730545044,406,2,7.877845287322998,0.5936920642852783,9.100388526916504
407,2.436729907989502,407,2,8.281981468200684,0.5924952030181885,9.30545425415039
408,2.5631370544433594,408,2,8.573493003845215,0.5924745798110962,9.354391098022461
409,2.7479453086853027,409,2,9.048693656921387,0.5720261931419373,9.541823387145996
410,2.6563305854797363,410,2,8.833775520324707,0.5777512788772583,9.46363639831543
411,2.5849556922912598,411,2,8.694259643554688,0.5758913159370422,9.505573272705078
412,2.5829997062683105,412,2,8.530119895935059,0.5812760591506958,9.458015441894531
413,2.5713183879852295,413,2,8.43781852722168,0.5803331136703491,9.148148536682129
414,2.5208847522735596,414,2,8.676461219787598,0.584712028503418,9.21732234954834
415,2.539721965789795,415,2,8.583142280578613,0.6013134717941284,9.59557819366455
416,2.5899088382720947,416,2,8.795316696166992,0.5806962251663208,9.371809959411621
417,2.7332918643951416,417,2,8.745956420898438,0.6001347899436951,9.086043357849121
418,2.5077931880950928,418,2,8.170392036437988,0.5922510623931885,9.167542457580566
419,2.648533344268799,419,2,8.71406078338623,0.5842325687408447,9.317058563232422
420,2.4098424911499023,420,2,7.971912860870361,0.590111255645752,9.321731567382812
421,2.380708932876587,421,2,8.256949424743652,0.5570223927497864,9.820408821105957
422,2.444993495941162,422,2,8.59512996673584,0.5764849185943604,9.840446472167969
423,2.502868413925171,423,2,8.099462509155273,0.58098304271698,9.198784828186035
424,2.4246389865875244,424,2,8.42139720916748,0.5765674114227295,9.363182067871094
425,2.386054515838623,425,2,7.637557506561279,0.5974529981613159,8.847248077392578
426,2.5984442234039307,426,2,8.341384887695312,0.6036427021026611,8.983067512512207
427,2.463385820388794,427,2,8.133886337280273,0.6125665903091431,9.2527437210083
428,2.664443016052246,428,2,8.523857116699219,0.5939847230911255,9.004480361938477
429,2.4528870582580566,429,2,8.201321601867676,0.5954398512840271,9.25653076171875
430,2.436664581298828,430,2,8.386701583862305,0.587078332901001,9.616262435913086
431,2.604175329208374,431,2,8.323356628417969,0.5994380712509155,9.327425003051758
432,2.448819160461426,432,2,7.887491226196289,0.5994353294372559,9.184164047241211
433,2.5010037422180176,433,2,8.163694381713867,0.5763742923736572,9.054036140441895
434,2.5867042541503906,434,2,8.40280818939209,0.6112277507781982,8.87730598449707
435,2.448216438293457,435,2,8.158177375793457,0.592292070388794,8.940630912780762
436,2.745006561279297,436,2,8.830368995666504,0.6076978445053101,8.832282066345215
437,2.5395755767822266,437,2,8.38526439666748,0.5944011211395264,9.011517524719238
438,2.5057990550994873,438,2,8.389774322509766,0.5962109565734863,9.081026077270508
439,2.5138401985168457,439,2,8.16933536529541,0.6064472794532776,9.08924388885498
440,2.4651975631713867,440,2,8.084820747375488,0.5927408933639526,9.130868911743164
441,2.4618825912475586,441,2,8.187582015991211,0.5805593729019165,9.53549575805664
442,2.539618492126465,442,2,8.613326072692871,0.5935922861099243,9.509827613830566
443,2.626154899597168,443,2,8.5032377243042,0.5858267545700073,9.333290100097656
444,2.529505729675293,444,2,8.866072654724121,0.5605224370956421,9.38167667388916
445,2.3828656673431396,445,2,7.901928424835205,0.5876359939575195,8.969404220581055
446,2.5628886222839355,446,2,8.79047679901123,0.5761458873748779,9.632014274597168
447,2.424086809158325,447,2,8.518701553344727,0.5774043798446655,9.617973327636719
448,2.7000069618225098,448,2,8.661593437194824,0.578528642654419,9.355295181274414
449,2.521451711654663,449,2,8.345115661621094,0.5807507634162903,9.607565879821777
450,2.2512176036834717,450,2,7.523152828216553,0.5852373838424683,9.113224029541016
451,2.3416543006896973,451,2,7.917272090911865,0.5850445032119751,9.47594928741455
452,2.5979344844818115,452,2,8.475505828857422,0.591823935508728,9.209144592285156
453,2.470181703567505,453,2,8.275906562805176,0.5788657665252686,9.248575210571289
454,2.5214459896087646,454,2,7.886165142059326,0.5912860631942749,9.056488037109375
455,2.4721927642822266,455,2,8.513609886169434,0.5845133066177368,9.181723594665527
456,2.3527169227600098,456,2,7.900837421417236,0.5767760276794434,9.39268684387207
457,2.469224214553833,457,2,8.255681991577148,0.57469642162323,9.457121849060059
458,2.494649887084961,458,2,8.306282997131348,0.5819351673126221,9.641886711120605
459,2.7526638507843018,459,2,8.872642517089844,0.5976192951202393,9.872488021850586
460,2.56081223487854,460,2,8.235762596130371,0.5875529646873474,9.45637321472168
461,2.4880189895629883,461,2,8.272350311279297,0.5883435010910034,9.470073699951172
462,2.59604549407959,462,2,8.510499954223633,0.5886726379394531,9.557109832763672
463,2.369222402572632,463,2,7.964489459991455,0.5932867527008057,9.183496475219727
464,2.425652265548706,464,2,8.357967376708984,0.5762531161308289,9.577139854431152
465,2.514918804168701,465,2,8.506181716918945,0.5892543196678162,9.28216552734375
466,2.482851505279541,466,2,8.412365913391113,0.5883171558380127,9.33251667022705
467,2.5474629402160645,467,2,8.628216743469238,0.5753428936004639,9.588662147521973
468,2.579206705093384,468,2,8.763871192932129,0.5907368659973145,9.335577964782715
469,2.4105870723724365,469,2,8.326847076416016,0.5877660512924194,9.308694839477539
470,2.6357343196868896,470,2,8.652535438537598,0.581118643283844,9.265643119812012
471,2.5395078659057617,471,2,8.34278678894043,0.6082673072814941,9.263358116149902
472,2.548926591873169,472,2,8.838872909545898,0.5907608270645142,9.445164680480957
473,2.389904260635376,473,2,8.196078300476074,0.5908141136169434,9.30548095703125
474,2.583491802215576,474,2,8.427959442138672,0.5907726287841797,9.058740615844727
475,2.798292398452759,475,2,9.274060249328613,0.5688393115997314,9.711671829223633
476,2.50801420211792,476,2,8.318551063537598,0.5666517019271851,9.645450592041016
477,2.4715511798858643,477,2,8.4109468460083,0.5608548521995544,9.775118827819824
478,2.592416524887085,478,2,8.538826942443848,0.5858052968978882,9.513775825500488
479,2.6106390953063965,479,2,8.808887481689453,0.603622555732727,9.583284378051758
480,2.6688549518585205,480,2,8.63483715057373,0.5814890265464783,9.438213348388672
481,2.483604907989502,481,2,8.993919372558594,0.5936319231987,9.731927871704102
482,2.6614584922790527,482,2,9.14389705657959,0.5860193967819214,9.386597633361816
483,2.579920530319214,483,2,8.50965690612793,0.61065673828125,9.181597709655762
484,2.556756019592285,484,2,8.853297233581543,0.5925083756446838,9.300888061523438
485,2.6440012454986572,485,2,8.706588745117188,0.5900423526763916,9.24569034576416
486,2.6023051738739014,486,2,8.182988166809082,0.5943339467048645,9.208211898803711
487,2.4217448234558105,487,2,8.155780792236328,0.5824563503265381,9.557987213134766
488,2.5383639335632324,488,2,8.36666202545166,0.5812631249427795,9.469934463500977
489,2.6033365726470947,489,2,8.477903366088867,0.5796012282371521,9.525504112243652
490,2.397545576095581,490,2,8.013903617858887,0.5867524147033691,9.33267879486084
491,2.512640953063965,491,2,8.615800857543945,0.5841739177703857,9.364388465881348
492,2.6532485485076904,492,2,9.17922306060791,0.5757206082344055,9.533748626708984
493,2.520620346069336,493,2,8.517587661743164,0.5805130004882812,9.183330535888672
494,2.568148374557495,494,2,8.41196060180664,0.6114121079444885,9.264225006103516
495,2.398953914642334,495,2,7.689105033874512,0.6091112494468689,8.910578727722168
496,2.65897536277771,496,2,8.740118980407715,0.5832224488258362,9.465518951416016
497,2.7455735206604004,497,2,9.368959426879883,0.5771154165267944,9.45618724822998
498,2.671436071395874,498,2,9.09188461303711,0.5644785165786743,9.502298355102539
499,2.6991734504699707,499,2,9.086204528808594,0.5709774494171143,9.672537803649902
500,2.392500638961792,500,2,8.332913398742676,0.5829335451126099,9.518661499023438
501,2.5672378540039062,501,2,8.376328468322754,0.5980119109153748,9.296791076660156
502,2.329272747039795,502,2,8.010560035705566,0.5850830078125,9.224380493164062
503,2.538398504257202,503,2,9.014009475708008,0.5688400268554688,9.386919975280762
504,2.472621440887451,504,2,8.294143676757812,0.585023045539856,9.153493881225586
505,2.4229917526245117,505,2,7.948416233062744,0.598648190498352,8.915167808532715
506,2.601245164871216,506,2,8.607330322265625,0.5633350610733032,9.347692489624023
507,2.5037901401519775,507,2,8.624174118041992,0.5758245587348938,9.725625038146973
508,2.557626247406006,508,2,9.050363540649414,0.5609623193740845,10.107434272766113
509,2.705894708633423,509,2,8.946611404418945,0.5733041763305664,9.93710994720459
510,2.501774549484253,510,2,8.599940299987793,0.5736468434333801,10.20104694366455
511,2.172043561935425,511,2,7.385552406311035,0.5873324871063232,9.592453002929688
512,2.7179620265960693,512,2,8.781781196594238,0.5778585076332092,9.63321590423584
513,2.649332284927368,513,2,8.827364921569824,0.584877610206604,9.566810607910156
514,2.719665288925171,514,2,9.461288452148438,0.575666069984436,9.237593650817871
515,2.5840542316436768,515,2,8.389925003051758,0.5985873937606812,9.032907485961914
516,2.5762076377868652,516,2,8.22494125366211,0.5881104469299316,8.84679889678955
517,2.3526971340179443,517,2,8.084248542785645,0.598671555519104,9.09463119506836
518,2.4084644317626953,518,2,8.260856628417969,0.5891987681388855,9.258015632629395
519,2.672471523284912,519,2,9.100471496582031,0.5827035307884216,9.594694137573242
520,2.5736162662506104,520,2,8.590422630310059,0.5704236030578613,9.381754875183105
521,2.6786751747131348,521,2,9.073728561401367,0.5597082376480103,9.813228607177734
522,2.7712302207946777,522,2,9.23243522644043,0.5599406957626343,9.887503623962402
523,2.7562737464904785,523,2,9.281561851501465,0.5596446990966797,10.001668930053711
524,2.5328190326690674,524,2,8.5087890625,0.5665808916091919,9.759698867797852
525,2.4931373596191406,525,2,8.407371520996094,0.5816590785980225,9.54800796508789
526,2.7457997798919678,526,2,9.270627975463867,0.5721346139907837,9.497961044311523
527,2.7488343715667725,527,2,9.083268165588379,0.593551516532898,9.170859336853027
528,2.6624674797058105,528,2,8.324075698852539,0.5939054489135742,9.013574600219727
529,2.6772146224975586,529,2,8.840095520019531,0.5922958850860596,9.137036323547363
530,2.4487054347991943,530,2,8.057820320129395,0.5935963988304138,9.018450736999512
531,2.317030668258667,531,2,7.651763439178467,0.6060889959335327,8.865038871765137
532,2.4516959190368652,532,2,8.235743522644043,0.5918392539024353,9.136735916137695
533,2.7427520751953125,533,2,9.01554012298584,0.5849635601043701,9.283817291259766
534,2.455887794494629,534,2,8.043377876281738,0.5971437096595764,9.003827095031738
535,2.568399667739868,535,2,8.401036262512207,0.5989809036254883,9.057276725769043
536,2.6747376918792725,536,2,8.334454536437988,0.5974454283714294,8.92739486694336
537,2.6374564170837402,537,2,9.06464672088623,0.5942983031272888,9.304242134094238
538,2.793964385986328,538,2,9.024223327636719,0.6034823656082153,9.219436645507812
539,2.7577388286590576,539,2,9.726046562194824,0.5917246341705322,9.434289932250977
540,2.6958839893341064,540,2,8.439071655273438,0.5820300579071045,9.162518501281738
541,2.562866449356079,541,2,8.368218421936035,0.572117269039154,9.415103912353516
542,2.4447343349456787,542,2,8.049111366271973,0.5704166889190674,9.421653747558594
543,2.414409637451172,543,2,8.243839263916016,0.5867627859115601,9.525919914245605
544,2.6414520740509033,544,2,8.813834190368652,0.5568163394927979,9.595197677612305
545,2.5199620723724365,545,2,8.418781280517578,0.5641549825668335,9.304006576538086
546,2.7853634357452393,546,2,8.809525489807129,0.5874056816101074,9.25083065032959
547,2.653977155685425,547,2,8.87389087677002,0.5733330845832825,9.313383102416992
548,2.5055975914001465,548,2,8.660629272460938,0.5824821591377258,9.352498054504395
549,2.4629480838775635,549,2,8.218149185180664,0.5871187448501587,9.21187686920166
550,2.4722747802734375,550,2,8.435333251953125,0.5854054689407349,9.38485050201416
551,2.5786197185516357,551,2,8.19325065612793,0.6035587787628174,9.233448028564453
552,2.6787540912628174,552,2,8.686857223510742,0.5920600891113281,9.425922393798828
553,2.7519969940185547,553,2,8.896766662597656,0.577309250831604,9.271484375
554,2.4034175872802734,554,2,8.0875883102417,0.5865672826766968,9.245511054992676
555,2.6016135215759277,555,2,8.752463340759277,0.5883455276489258,9.260045051574707
556,2.6969523429870605,556,2,8.453530311584473,0.583838939666748,9.144837379455566
557,2.6257686614990234,557,2,8.627872467041016,0.5816641449928284,9.308006286621094
558,2.687544822692871,558,2,8.618285179138184,0.580169677734375,9.11886978149414
559,2.5123579502105713,559,2,8.243748664855957,0.5807366371154785,9.097578048706055
560,2.5265069007873535,560,2,8.273698806762695,0.5886281728744507,8.969552040100098
561,2.7320988178253174,561,2,9.433709144592285,0.6000592708587646,9.772270202636719
562,2.8039848804473877,562,2,8.863075256347656,0.5967184901237488,9.017619132995605
563,2.536375045776367,563,2,8.264978408813477,0.6069622039794922,9.06407356262207
564,2.557772636413574,564,2,8.5704927444458,0.5739321708679199,9.407097816467285
565,2.5834479331970215,565,2,8.276397705078125,0.6059983968734741,9.539678573608398
566,2.3512418270111084,566,2,8.116296768188477,0.5877515077590942,9.678245544433594
567,2.7644600868225098,567,2,9.012391090393066,0.5809100866317749,9.682473182678223
568,2.587735176086426,568,2,8.686138153076172,0.5730147361755371,9.382643699645996
569,2.572833299636841,569,2,8.703451156616211,0.577078640460968,9.43149471282959
570,2.464022397994995,570,2,8.465435981750488,0.5884590148925781,9.302448272705078
571,2.6589579582214355,571,2,8.8168306350708,0.5932506322860718,9.334367752075195
572,2.420642375946045,572,2,7.807819366455078,0.5982519388198853,8.988337516784668
573,2.369457483291626,573,2,8.000611305236816,0.5881607532501221,9.152264595031738
574,2.672600507736206,574,2,8.633382797241211,0.5920034646987915,9.161632537841797
575,2.7782392501831055,575,2,9.112021446228027,0.5965805053710938,9.456857681274414
576,2.545497179031372,576,2,8.469740867614746,0.585696280002594,9.366050720214844
577,2.3609976768493652,577,2,7.799903392791748,0.5871663093566895,9.056638717651367
578,2.3839166164398193,578,2,8.113014221191406,0.5831151008605957,9.299778938293457
579,2.4362218379974365,579,2,8.149919509887695,0.5753870010375977,9.406704902648926
580,2.3466100692749023,580,2,8.144941329956055,0.5720135569572449,9.44153881072998
581,2.3849973678588867,581,2,8.128933906555176,0.5706949234008789,9.545266151428223
582,2.6209888458251953,582,2,8.898355484008789,0.5799587965011597,9.739228248596191
583,2.6451454162597656,583,2,8.93603229522705,0.5783553123474121,9.725049018859863
584,2.3849735260009766,584,2,8.200167655944824,0.5789662599563599,9.294589042663574
585,2.5213797092437744,585,2,8.543462753295898,0.5791093111038208,9.354119300842285
586,2.749629497528076,586,2,8.747970581054688,0.5837222933769226,9.143970489501953
587,2.503492832183838,587,2,8.476201057434082,0.5885983109474182,9.176004409790039
588,2.4298086166381836,588,2,8.332707405090332,0.575152575969696,9.498705863952637
589,2.411550283432007,589,2,7.98585844039917,0.5956621170043945,9.190345764160156
590,2.55131459236145,590,2,8.255851745605469,0.5920568108558655,9.362345695495605
591,2.463574171066284,591,2,8.79676342010498,0.5785496830940247,10.014066696166992
592,2.4173390865325928,592,2,8.32391357421875,0.587010383605957,9.343631744384766
593,2.6989612579345703,593,2,8.91826343536377,0.5960908532142639,9.409930229187012
594,2.457453727722168,594,2,8.016083717346191,0.5939828157424927,8.963207244873047
595,2.4845080375671387,595,2,7.96907377243042,0.5920891761779785,9.05951976776123
596,2.539309024810791,596,2,8.344770431518555,0.5756435394287109,9.11670970916748
597,2.6386759281158447,597,2,8.891974449157715,0.579133152961731,9.379406929016113
598,2.4096126556396484,598,2,8.219803810119629,0.5944321751594543,9.70051383972168
599,2.5601141452789307,599,2,8.33967113494873,0.5863711833953857,9.46438217163086
600,2.5238702297210693,600,2,8.35055160522461,0.5846936702728271,9.487595558166504
601,2.4933717250823975,601,2,8.146875381469727,0.589187502861023,9.21406364440918
602,2.4103143215179443,602,2,8.0391845703125,0.588889479637146,9.210929870605469
603,2.5323526859283447,603,2,8.183125495910645,0.5857467651367188,9.041741371154785
604,2.4612913131713867,604,2,8.091517448425293,0.5891799926757812,9.0482177734375
605,2.5948333740234375,605,2,9.259902954101562,0.5753918886184692,9.414257049560547
606,2.599583148956299,606,2,9.12222671508789,0.5967370867729187,9.551600456237793
607,2.4958901405334473,607,2,8.707045555114746,0.5806111097335815,9.92331600189209
608,2.365831136703491,608,2,7.711835861206055,0.5853188633918762,9.221935272216797
609,2.622248411178589,609,2,8.863812446594238,0.5738939046859741,9.696321487426758
610,2.5427045822143555,610,2,8.472949981689453,0.5817774534225464,9.632980346679688
611,2.6142771244049072,611,2,8.29041862487793,0.5874859094619751,9.296940803527832
612,2.570033311843872,612,2,8.506948471069336,0.5845264196395874,9.3018798828125
613,2.4043660163879395,613,2,7.870558261871338,0.6003228425979614,9.063447952270508
614,2.3462677001953125,614,2,8.098644256591797,0.5832236409187317,9.214273452758789
615,2.667053461074829,615,2,8.59833812713623,0.5971643924713135,8.87114143371582
616,2.636648178100586,616,2,8.6907958984375,0.5817399024963379,9.181004524230957
617,2.4742794036865234,617,2,8.335747718811035,0.5752757787704468,9.380688667297363
618,2.3941609859466553,618,2,8.063573837280273,0.5850613713264465,9.029175758361816
619,2.4111952781677246,619,2,8.15023136138916,0.5847259163856506,9.332067489624023
620,2.3361411094665527,620,2,8.021566390991211,0.5638750791549683,9.488922119140625
621,2.5330231189727783,621,2,8.533656120300293,0.5960497260093689,9.662408828735352
622,2.4853320121765137,622,2,8.394696235656738,0.5817630887031555,9.467897415161133
623,2.5518789291381836,623,2,8.49135684967041,0.5741708278656006,9.57666301727295
624,2.5031166076660156,624,2,7.974407196044922,0.5909445285797119,9.255345344543457
625,2.5809290409088135,625,2,9.553435325622559,0.5708386898040771,9.300860404968262
626,2.4424147605895996,626,2,7.9442877769470215,0.5819258093833923,9.152262687683105
627,2.5544652938842773,627,2,8.926148414611816,0.5841060876846313,9.398408889770508
628,2.5824503898620605,628,2,8.759268760681152,0.5820040106773376,9.354817390441895
629,2.5925300121307373,629,2,8.452680587768555,0.5869846343994141,9.326678276062012
630,2.5488059520721436,630,2,7.877974987030029,0.5963175892829895,8.948274612426758
631,2.6302971839904785,631,2,8.360783576965332,0.6020619869232178,9.099287986755371
632,2.3980045318603516,632,2,8.086329460144043,0.5801080465316772,9.242395401000977
633,2.6107001304626465,633,2,8.407913208007812,0.5817192792892456,9.432661056518555
634,2.46708345413208,634,2,8.028331756591797,0.5741610527038574,9.332902908325195
635,2.370481252670288,635,2,8.28991985321045,0.5898019075393677,9.658931732177734
636,2.441837787628174,636,2,8.225552558898926,0.5799572467803955,9.358206748962402
637,2.8455135822296143,637,2,9.335654258728027,0.5739951133728027,9.457476615905762
638,2.431903600692749,638,2,8.141679763793945,0.5886305570602417,9.278050422668457
639,2.5749313831329346,639,2,8.750990867614746,0.5934164524078369,9.334656715393066
640,2.482903480529785,640,2,8.556229591369629,0.5991385579109192,9.291641235351562
641,2.496345043182373,641,2,8.535975456237793,0.5877802968025208,9.304418563842773
642,2.3209052085876465,642,2,7.538715362548828,0.5971692204475403,8.900522232055664
643,2.5166776180267334,643,2,8.372627258300781,0.5881235003471375,9.333760261535645
644,2.5488016605377197,644,2,8.213484764099121,0.5839864015579224,9.138659477233887
645,2.4794633388519287,645,2,8.029789924621582,0.5924310088157654,9.20019245147705
646,2.524855852127075,646,2,8.436807632446289,0.5794050097465515,9.434039115905762
647,2.695180892944336,647,2,9.224249839782715,0.5593068599700928,9.594603538513184
648,2.6174378395080566,648,2,8.513388633728027,0.5817781686782837,9.345850944519043
649,2.5571515560150146,649,2,8.359166145324707,0.6025540232658386,9.191720962524414
650,2.510061502456665,650,2,8.226399421691895,0.5861752033233643,9.052756309509277
651,2.4420788288116455,651,2,8.252963066101074,0.5953181982040405,8.880195617675781
652,2.463489055633545,652,2,8.068157196044922,0.5954346656799316,9.150036811828613
653,2.719968318939209,653,2,8.588708877563477,0.5888449549674988,9.100539207458496
654,2.4262096881866455,654,2,8.180706977844238,0.5874165296554565,9.292155265808105
655,2.6155011653900146,655,2,8.503976821899414,0.5801761150360107,9.488070487976074
656,2.3933777809143066,656,2,8.09770393371582,0.5797133445739746,9.41113567352295
657,2.5505809783935547,657,2,8.480053901672363,0.5911986827850342,9.538419723510742
658,2.4956023693084717,658,2,8.377220153808594,0.5887175798416138,9.388246536254883
659,2.5051422119140625,659,2,8.365067481994629,0.5790558457374573,9.52200984954834
660,2.7571847438812256,660,2,9.192366600036621,0.5834581851959229,9.533403396606445
661,2.4712839126586914,661,2,8.075146675109863,0.5882624387741089,9.556229591369629
662,2.2686896324157715,662,2,7.604597568511963,0.6019828915596008,9.223377227783203
663,2.674774408340454,663,2,8.254316329956055,0.595920205116272,9.091713905334473
664,2.533689260482788,664,2,8.337858200073242,0.6041498184204102,9.423918724060059
665,2.4979805946350098,665,2,8.214314460754395,0.5760144591331482,9.157081604003906
666,2.5910542011260986,666,2,8.829943656921387,0.5833475589752197,9.472436904907227
667,2.4269957542419434,667,2,8.137049674987793,0.5881057977676392,9.054445266723633
668,2.493530750274658,668,2,8.120837211608887,0.5803494453430176,9.43181324005127
669,2.671614646911621,669,2,8.619688987731934,0.5912712812423706,9.29748821258545
670,2.380547046661377,670,2,8.043373107910156,0.597950279712677,9.209132194519043
671,2.4212400913238525,671,2,8.32177734375,0.590639591217041,9.556879043579102
672,2.776268482208252,672,2,9.240218162536621,0.5884555578231812,9.572629928588867
673,2.744328498840332,673,2,8.818660736083984,0.599678635597229,9.09012508392334
674,2.4490344524383545,674,2,8.287164688110352,0.6004698276519775,9.589072227478027
675,2.632563352584839,675,2,8.354318618774414,0.5921148061752319,9.210662841796875
676,2.544667959213257,676,2,8.997526168823242,0.568759560585022,9.740699768066406
677,2.4838855266571045,677,2,8.646675109863281,0.5810436010360718,9.532811164855957
678,2.4602832794189453,678,2,8.083905220031738,0.5989139080047607,9.325702667236328
679,2.6996982097625732,679,2,8.511818885803223,0.583931028842926,9.530390739440918
680,2.711169481277466,680,2,8.920670509338379,0.6019455194473267,9.468368530273438
681,2.36344838142395,681,2,7.985470771789551,0.5916814804077148,9.514453887939453
682,2.412454605102539,682,2,8.339667320251465,0.5814996957778931,9.428213119506836
683,2.372180223464966,683,2,7.895868301391602,0.5951026678085327,9.243659019470215
684,2.642376184463501,684,2,8.52126693725586,0.5923566818237305,9.467193603515625
685,2.3333466053009033,685,2,8.042014122009277,0.5868098139762878,9.236501693725586
686,2.66485857963562,686,2,8.943863868713379,0.5780597925186157,9.421652793884277
687,2.4220051765441895,687,2,8.149248123168945,0.5749222040176392,9.425182342529297
688,2.6783034801483154,688,2,8.847212791442871,0.5726654529571533,9.7936429977417
689,2.5317533016204834,689,2,8.295096397399902,0.5958044528961182,9.402506828308105
690,2.3262782096862793,690,2,7.968875408172607,0.5830179452896118,9.414244651794434
691,2.5021493434906006,691,2,8.758548736572266,0.5849301815032959,9.39034366607666
692,2.530447244644165,692,2,8.624970436096191,0.6028279662132263,9.161965370178223
693,2.629645586013794,693,2,8.65610408782959,0.6022624969482422,9.151988983154297
694,2.6908657550811768,694,2,8.956064224243164,0.5920321345329285,9.265050888061523
695,2.4976682662963867,695,2,8.217151641845703,0.5820683240890503,9.189066886901855
696,2.487687110900879,696,2,8.412609100341797,0.5898257493972778,9.194511413574219
697,2.6747562885284424,697,2,9.05982494354248,0.5926560759544373,9.058408737182617
698,2.516573429107666,698,2,8.281139373779297,0.5869795083999634,9.306702613830566
699,2.62324857711792,699,2,8.50033187866211,0.5655379295349121,9.414782524108887
700,2.605587959289551,700,2,8.547632217407227,0.5790960788726807,9.541236877441406
701,2.489410400390625,701,2,8.211075782775879,0.5880067348480225,9.459816932678223
702,2.5738115310668945,702,2,8.790751457214355,0.5987000465393066,9.725334167480469
703,2.3633041381835938,703,2,8.225261688232422,0.5905758738517761,9.318902015686035
704,2.5554800033569336,704,2,8.570120811462402,0.5893839001655579,9.090938568115234
705,2.495631456375122,705,2,8.474756240844727,0.5722509026527405,9.150330543518066
706,2.5356783866882324,706,2,8.199402809143066,0.5978621244430542,8.95641040802002
707,2.5720229148864746,707,2,8.525300025939941,0.5901339054107666,8.984004020690918
708,2.5080068111419678,708,2,8.40967082977295,0.5900518894195557,9.086153984069824
709,2.351722478866577,709,2,7.85603666305542,0.583290159702301,8.95919418334961
710,2.7154884338378906,710,2,9.151010513305664,0.5823265910148621,9.501238822937012
711,2.429176092147827,711,2,8.20518684387207,0.5869159698486328,9.575611114501953
712,2.69142484664917,712,2,8.740920066833496,0.5784907341003418,9.589068412780762
713,2.692537307739258,713,2,8.49575138092041,0.5736151337623596,9.658802032470703
714,2.6042165756225586,714,2,8.565250396728516,0.5795927047729492,9.770462036132812
715,2.4863433837890625,715,2,8.073387145996094,0.5834103226661682,9.345176696777344
716,2.5775341987609863,716,2,8.516045570373535,0.57232266664505,9.43507194519043
717,2.619037389755249,717,2,8.975418090820312,0.5889149904251099,9.426214218139648
718,2.543184518814087,718,2,8.55022144317627,0.5698316097259521,9.367871284484863
719,2.4761061668395996,719,2,7.987426280975342,0.6018699407577515,8.674781799316406
720,2.265233039855957,720,2,7.398616313934326,0.5867248773574829,8.765284538269043
721,2.4444758892059326,721,2,7.981057643890381,0.5926194190979004,8.935319900512695
722,2.821955442428589,722,2,9.157078742980957,0.6018304824829102,9.109566688537598
723,2.58040189743042,723,2,8.408919334411621,0.603010356426239,9.130643844604492
724,2.5272181034088135,724,2,8.346749305725098,0.584709644317627,9.327083587646484
725,2.8441359996795654,725,2,9.091360092163086,0.5767505764961243,9.562373161315918
726,2.5175676345825195,726,2,8.202784538269043,0.5785185098648071,9.384109497070312
727,2.638982057571411,727,2,8.58957290649414,0.5724236369132996,9.402555465698242
728,2.414984941482544,728,2,8.361198425292969,0.5860978364944458,9.304229736328125
729,2.4352540969848633,729,2,8.118330001831055,0.5914156436920166,9.0037202835083
730,2.5329082012176514,730,2,8.110696792602539,0.5956079959869385,8.733665466308594
731,2.8253984451293945,731,2,9.231216430664062,0.5930145382881165,9.058553695678711
732,2.602919816970825,732,2,8.370373725891113,0.5891619324684143,9.0924072265625
733,2.3024098873138428,733,2,7.318220138549805,0.6058469414710999,8.548486709594727
734,2.3116612434387207,734,2,7.714632034301758,0.5980819463729858,9.054431915283203
735,2.4775307178497314,735,2,8.56619930267334,0.577867329120636,9.222331047058105
736,2.206862688064575,736,2,7.348029136657715,0.5937915444374084,8.97254753112793
737,2.4683361053466797,737,2,8.129180908203125,0.6041569113731384,9.030091285705566
738,2.395054578781128,738,2,7.872821807861328,0.6017405986785889,9.21887493133545
739,2.518678665161133,739,2,7.990218639373779,0.6042063236236572,8.843865394592285
740,2.4839296340942383,740,2,8.321069717407227,0.5961605310440063,8.993834495544434
741,2.358149528503418,741,2,7.781713485717773,0.5991971492767334,8.746078491210938
742,2.619882106781006,742,2,8.762459754943848,0.614911675453186,8.999016761779785
743,2.577638864517212,743,2,8.50198745727539,0.5894981026649475,8.813188552856445
744,2.698862314224243,744,2,8.554083824157715,0.6003625988960266,9.05228042602539
745,2.4759421348571777,745,2,8.376717567443848,0.5808138847351074,9.259806632995605
746,2.3196325302124023,746,2,8.061271667480469,0.5829712152481079,9.541332244873047
747,2.3966569900512695,747,2,8.233864784240723,0.5843687057495117,9.725896835327148
748,2.529604196548462,748,2,8.598492622375488,0.5986735820770264,10.108285903930664
749,2.6620609760284424,749,2,9.281954765319824,0.5711166858673096,10.181076049804688
750,2.639706611633301,750,2,8.646993637084961,0.5984879732131958,9.427156448364258
751,2.625164031982422,751,2,8.539464950561523,0.5839707851409912,9.136445999145508
752,2.514167308807373,752,2,8.909466743469238,0.5642267465591431,9.517291069030762
753,2.520303249359131,753,2,8.550870895385742,0.5774126052856445,9.33167839050293
754,2.775054454803467,754,2,9.018266677856445,0.5749506950378418,9.37667465209961
755,2.4000511169433594,755,2,7.9136481285095215,0.5765267610549927,9.085660934448242
756,2.297898769378662,756,2,7.951214790344238,0.5746390223503113,9.51915454864502
757,2.501852035522461,757,2,8.330559730529785,0.5709388256072998,9.755298614501953
758,2.452192544937134,758,2,8.001313209533691,0.5795082449913025,9.375853538513184
759,2.36706280708313,759,2,8.002016067504883,0.5873145461082458,9.511896133422852
760,2.563662052154541,760,2,8.490418434143066,0.5938297510147095,9.112541198730469
761,2.43575119972229,761,2,8.280557632446289,0.5778276920318604,9.293368339538574
762,2.5609030723571777,762,2,8.474833488464355,0.5912816524505615,8.941844940185547
763,2.4011478424072266,763,2,8.363323211669922,0.5945936441421509,9.220056533813477
764,2.6713919639587402,764,2,9.112056732177734,0.5867794156074524,9.48963451385498
765,2.6764333248138428,765,2,9.515287399291992,0.5752886533737183,9.598389625549316
766,2.4722537994384766,766,2,8.275903701782227,0.578717827796936,9.503488540649414
767,2.439298152923584,767,2,7.79044246673584,0.5949816703796387,9.029777526855469
768,2.560939311981201,768,2,9.264237403869629,0.5835072994232178,9.975969314575195
769,2.4517316818237305,769,2,8.350504875183105,0.5879589319229126,9.711516380310059
770,2.4709715843200684,770,2,8.11385440826416,0.587203860282898,9.404458045959473
771,2.482558250427246,771,2,8.23289680480957,0.6014769077301025,9.18350601196289
772,2.325706958770752,772,2,7.970637321472168,0.6068617105484009,9.122015953063965
773,2.454821825027466,773,2,7.811595439910889,0.586793839931488,8.824912071228027
774,2.4405674934387207,774,2,8.174728393554688,0.5855669379234314,8.998465538024902
775,2.364882707595825,775,2,7.994856834411621,0.601698637008667,9.157997131347656
776,2.4775660037994385,776,2,8.205072402954102,0.5822191834449768,9.375404357910156
777,2.584244728088379,777,2,8.179086685180664,0.6009380221366882,9.058768272399902
778,2.7352566719055176,778,2,8.694878578186035,0.5937354564666748,9.528057098388672
779,2.605154037475586,779,2,8.540367126464844,0.5832834243774414,9.215463638305664
780,2.520415782928467,780,2,8.524312973022461,0.6040918231010437,9.430634498596191
781,2.6625802516937256,781,2,9.173035621643066,0.5889502167701721,9.472814559936523
782,2.5602874755859375,782,2,8.314924240112305,0.5927404165267944,9.247023582458496
783,2.614095449447632,783,2,8.57024097442627,0.5862633585929871,9.442200660705566
784,2.448319673538208,784,2,8.06739616394043,0.5946232080459595,9.202666282653809
785,2.735607385635376,785,2,9.248026847839355,0.5854110717773438,9.351524353027344
786,2.4950337409973145,786,2,9.031082153320312,0.5632457733154297,9.728006362915039
787,2.3982269763946533,787,2,8.120233535766602,0.582234799861908,9.131674766540527
788,2.353529453277588,788,2,7.88356876373291,0.5972224473953247,9.049409866333008
789,2.4425604343414307,789,2,7.807823657989502,0.5939587354660034,8.930803298950195
790,2.6274828910827637,790,2,9.008196830749512,0.5867010354995728,9.345354080200195
791,2.545501232147217,791,2,8.52686882019043,0.5891931056976318,9.177916526794434
792,2.396170139312744,792,2,8.05932903289795,0.603492021560669,9.283439636230469
793,2.3859190940856934,793,2,7.869740962982178,0.6025264263153076,9.115121841430664
794,2.4673163890838623,794,2,8.115824699401855,0.5974144339561462,9.300293922424316
795,2.428792715072632,795,2,8.09946060180664,0.5946975946426392,9.053521156311035
796,2.596785545349121,796,2,8.565078735351562,0.5930809378623962,9.102998733520508
797,2.3788180351257324,797,2,8.063697814941406,0.6006768941879272,9.237441062927246
798,2.535187244415283,798,2,8.337044715881348,0.5991586446762085,9.177656173706055
799,2.3309762477874756,799,2,7.799332141876221,0.5912670493125916,9.255574226379395
800,2.4090237617492676,800,2,8.030630111694336,0.5955311059951782,9.191337585449219
801,2.5008342266082764,801,2,8.424029350280762,0.5945143699645996,9.511651039123535
802,2.493978261947632,802,2,8.41382884979248,0.5662120580673218,9.4558687210083
803,2.4192099571228027,803,2,7.965760707855225,0.5796388983726501,9.225010871887207
804,2.576057195663452,804,2,8.365052223205566,0.5880995988845825,9.577616691589355
805,2.5075056552886963,805,2,9.029682159423828,0.5836292505264282,9.907904624938965
806,2.3836233615875244,806,2,7.911230087280273,0.591423749923706,9.329782485961914
807,2.51084566116333,807,2,8.512036323547363,0.5757988691329956,9.543391227722168
808,2.6361896991729736,808,2,8.407617568969727,0.583861231803894,9.404590606689453
809,2.5064151287078857,809,2,8.326126098632812,0.5830601453781128,9.343060493469238
810,2.5623738765716553,810,2,8.543951988220215,0.5910634398460388,9.296974182128906
811,2.3894383907318115,811,2,7.685688018798828,0.6183784008026123,8.79901123046875
812,2.5120670795440674,812,2,8.526651382446289,0.5893937349319458,9.064454078674316
813,2.4227535724639893,813,2,8.399323463439941,0.600104033946991,9.163176536560059
814,2.5865635871887207,814,2,8.696968078613281,0.5881656408309937,9.183326721191406
815,2.479459047317505,815,2,8.228219032287598,0.6037658452987671,9.04918098449707
816,2.4779884815216064,816,2,8.113479614257812,0.5886855125427246,9.027785301208496
817,2.648120880126953,817,2,8.542444229125977,0.5983143448829651,9.480178833007812
818,2.519059658050537,818,2,8.262523651123047,0.6014688014984131,9.113478660583496
819,2.373310089111328,819,2,7.981680870056152,0.6029810905456543,9.06204891204834
820,2.525376796722412,820,2,8.55021858215332,0.5916011333465576,9.3167724609375
821,2.467100143432617,821,2,7.97165060043335,0.6056791543960571,8.933554649353027
822,2.605909824371338,822,2,8.781949996948242,0.5918488502502441,9.120381355285645
823,2.5137760639190674,823,2,8.36164665222168,0.5896207690238953,9.319958686828613
824,2.3680500984191895,824,2,8.201299667358398,0.5861321687698364,9.451260566711426
825,2.489293336868286,825,2,8.454145431518555,0.5782555937767029,9.443008422851562
826,2.4994819164276123,826,2,8.445647239685059,0.5783383846282959,9.670049667358398
827,2.3358781337738037,827,2,8.142962455749512,0.5711555480957031,9.829599380493164
828,2.7006454467773438,828,2,8.954731941223145,0.5807092189788818,9.509117126464844
829,2.571256399154663,829,2,8.332474708557129,0.5846941471099854,9.493705749511719
830,2.728728771209717,830,2,9.350715637207031,0.5650076866149902,9.738887786865234
831,2.71500563621521,831,2,8.855931282043457,0.6069247126579285,9.130489349365234
832,2.2740137577056885,832,2,7.820749282836914,0.5805436968803406,9.171902656555176
833,2.4965858459472656,833,2,8.215485572814941,0.5945649147033691,9.121576309204102
834,2.368851661682129,834,2,8.102866172790527,0.581466794013977,9.007613182067871
835,2.449103355407715,835,2,8.37038516998291,0.595083475112915,9.19279670715332
836,2.3589911460876465,836,2,8.28545093536377,0.583757221698761,9.20395278930664
837,2.616283416748047,837,2,8.950010299682617,0.5990850925445557,9.32422924041748
838,2.347929000854492,838,2,8.074048042297363,0.6163895726203918,9.210823059082031
839,2.616518020629883,839,2,8.603042602539062,0.6002643704414368,9.361701011657715
840,2.45611310005188,840,2,8.182558059692383,0.5904269218444824,9.335066795349121
841,2.30316162109375,841,2,7.86434268951416,0.5811165571212769,9.360344886779785
842,2.344646453857422,842,2,8.32463264465332,0.567353367805481,9.487981796264648
843,2.60028338432312,843,2,8.520855903625488,0.5823997855186462,9.170291900634766
844,2.2700445652008057,844,2,7.269246578216553,0.6040393710136414,8.70401382446289
845,2.5838053226470947,845,2,8.57724380493164,0.5854658484458923,9.110459327697754
846,2.4618537425994873,846,2,8.100369453430176,0.5952943563461304,9.11961841583252
847,2.5475709438323975,847,2,8.86693286895752,0.5882275104522705,9.53681755065918
848,2.3530404567718506,848,2,7.719637870788574,0.5944572687149048,8.869988441467285
849,2.335604190826416,849,2,7.851511001586914,0.5887417793273926,9.25394058227539
850,2.529773473739624,850,2,8.676939010620117,0.5775540471076965,9.892840385437012
851,2.3900203704833984,851,2,8.091261863708496,0.59522545337677,9.449113845825195
852,2.4493319988250732,852,2,7.887474060058594,0.59754878282547,9.204453468322754
853,2.4161646366119385,853,2,8.275699615478516,0.5875173807144165,9.299330711364746
854,2.5145421028137207,854,2,8.125737190246582,0.6157797574996948,8.75366497039795
855,2.5140514373779297,855,2,8.349082946777344,0.597923755645752,8.760519981384277
856,2.52095365524292,856,2,8.683209419250488,0.5907683968544006,9.024890899658203
857,2.5643301010131836,857,2,8.40275764465332,0.6052430868148804,8.603189468383789
858,2.730598211288452,858,2,8.56203556060791,0.6014190912246704,8.36998176574707
859,2.6066555976867676,859,2,8.492544174194336,0.5955566167831421,8.802422523498535
860,2.5702056884765625,860,2,8.952921867370605,0.5834554433822632,9.148885726928711
861,2.383939266204834,861,2,8.155155181884766,0.5862962007522583,9.419283866882324
862,2.6549978256225586,862,2,8.414763450622559,0.5968735218048096,9.29527759552002
863,2.4685637950897217,863,2,8.187243461608887,0.5757699012756348,9.454691886901855
864,2.2262635231018066,864,2,7.458405017852783,0.5899359583854675,9.325411796569824
865,2.3662333488464355,865,2,8.177837371826172,0.5827387571334839,9.368387222290039
866,2.688190460205078,866,2,8.415125846862793,0.5989848971366882,8.82728099822998
867,2.5686256885528564,867,2,8.590987205505371,0.6053254008293152,9.093998908996582
868,2.724989175796509,868,2,9.058144569396973,0.576144814491272,9.176227569580078
869,2.502382516860962,869,2,7.931001663208008,0.5995496511459351,8.622941017150879
870,2.5934407711029053,870,2,8.147812843322754,0.5821771621704102,8.96848201751709
871,2.4946682453155518,871,2,8.312631607055664,0.5827767848968506,8.820647239685059
872,2.490471601486206,872,2,8.428764343261719,0.5788593292236328,9.54482650756836
873,2.59204363822937,873,2,8.35343074798584,0.5814954042434692,9.400516510009766
874,2.5671262741088867,874,2,8.419700622558594,0.5763092041015625,9.503944396972656
875,2.390495777130127,875,2,7.857787132263184,0.5806960463523865,9.352224349975586
876,2.6134533882141113,876,2,8.578348159790039,0.5886481404304504,9.536833763122559
877,2.444995880126953,877,2,8.10777759552002,0.5773909091949463,9.551405906677246
878,2.3796353340148926,878,2,7.625368595123291,0.6019728779792786,9.146373748779297
879,2.4393813610076904,879,2,8.020569801330566,0.5928841829299927,8.810611724853516
880,2.3944220542907715,880,2,8.414608001708984,0.5843081474304199,9.042675018310547
881,2.34475040435791,881,2,8.04361343383789,0.5893309116363525,8.876530647277832
882,2.661033868789673,882,2,8.743276596069336,0.5985727906227112,8.862713813781738
883,2.5359952449798584,883,2,8.772525787353516,0.5852625370025635,9.296967506408691
884,2.4567344188690186,884,2,8.081770896911621,0.6015015244483948,9.01619815826416
885,2.3055572509765625,885,2,7.652495384216309,0.6043177247047424,9.066524505615234
886,2.6013576984405518,886,2,8.586441040039062,0.6012505292892456,9.458500862121582
887,2.542233943939209,887,2,8.61928653717041,0.6008127331733704,9.507563591003418
888,2.4574975967407227,888,2,7.938877582550049,0.59687340259552,9.144125938415527
889,2.503345251083374,889,2,7.8315653800964355,0.5984230041503906,8.776922225952148
890,2.6479036808013916,890,2,9.078953742980957,0.5879650115966797,9.3311128616333
891,2.424344301223755,891,2,8.225809097290039,0.5895713567733765,9.260152816772461
892,2.527114152908325,892,2,8.84596061706543,0.5869154930114746,9.40302562713623
893,2.567127227783203,893,2,8.783476829528809,0.594451367855072,9.258601188659668
894,2.3907594680786133,894,2,8.211596488952637,0.5871854424476624,9.308369636535645
895,2.3711605072021484,895,2,8.251623153686523,0.5740029811859131,9.487318992614746
896,2.428187370300293,896,2,8.210868835449219,0.5816711783409119,9.565215110778809
897,2.5893588066101074,897,2,8.645661354064941,0.585429847240448,9.484506607055664
898,2.424774169921875,898,2,8.133479118347168,0.5810666680335999,9.526339530944824
899,2.4951517581939697,899,2,8.29763412475586,0.5751692056655884,9.500335693359375
900,2.6354012489318848,900,2,8.838595390319824,0.5993011593818665,9.356675148010254
901,2.3905534744262695,901,2,7.850244045257568,0.5987693071365356,9.168471336364746
902,2.483358860015869,902,2,8.664149284362793,0.6020842790603638,9.047769546508789
903,2.381211996078491,903,2,8.015230178833008,0.59921795129776,8.955613136291504
904,2.2802515029907227,904,2,7.772832870483398,0.6045629978179932,9.300477981567383
905,2.685241937637329,905,2,8.633965492248535,0.5946207046508789,9.180289268493652
906,2.3404393196105957,906,2,7.942995071411133,0.5837123990058899,9.308497428894043
907,2.5504019260406494,907,2,8.644587516784668,0.5904654264450073,9.326497077941895
908,2.400348424911499,908,2,8.229951858520508,0.5912190675735474,8.96855354309082
909,2.431520938873291,909,2,8.31267261505127,0.5919768810272217,9.161275863647461
910,2.562744617462158,910,2,8.475571632385254,0.5945488810539246,9.080196380615234
911,2.7475836277008057,911,2,9.23134708404541,0.6115521788597107,9.097051620483398
912,2.4810571670532227,912,2,8.322525978088379,0.6059176921844482,8.745341300964355
913,2.3881351947784424,913,2,8.158757209777832,0.5885879397392273,9.408712387084961
914,2.512486457824707,914,2,8.759795188903809,0.6009852290153503,9.57065486907959
915,2.537121057510376,915,2,8.648530006408691,0.5794615149497986,9.549086570739746
916,2.49790620803833,916,2,8.18213939666748,0.5881096124649048,9.197361946105957
917,2.5771100521087646,917,2,8.772411346435547,0.5886837244033813,9.500856399536133
918,2.5034162998199463,918,2,8.3897705078125,0.5906335115432739,9.670021057128906
919,2.5873756408691406,919,2,8.6144380569458,0.5928870439529419,9.732035636901855
920,2.4607789516448975,920,2,8.302952766418457,0.5807978510856628,9.307119369506836
921,2.7101027965545654,921,2,8.920376777648926,0.5772050619125366,9.66828441619873
922,2.3183321952819824,922,2,7.705080986022949,0.5745784044265747,9.162312507629395
923,2.3422136306762695,923,2,8.360352516174316,0.5770409107208252,9.566349029541016
924,2.469971179962158,924,2,8.241703987121582,0.586712121963501,9.283154487609863
925,2.2945873737335205,925,2,8.053995132446289,0.5828961730003357,9.316637992858887
926,2.407623529434204,926,2,8.017271041870117,0.6010972261428833,9.167384147644043
927,2.683053731918335,927,2,8.957013130187988,0.5746327042579651,9.265837669372559
928,2.5014798641204834,928,2,8.2352933883667,0.585071861743927,9.153377532958984
929,2.4565553665161133,929,2,8.12060832977295,0.5915108919143677,9.170794486999512
930,2.364236354827881,930,2,7.712991714477539,0.5964226722717285,9.017154693603516
931,2.4494502544403076,931,2,8.1005220413208,0.5819562673568726,9.278180122375488
932,2.3262441158294678,932,2,7.673320293426514,0.6013467311859131,8.979276657104492
933,2.3374695777893066,933,2,7.708845138549805,0.6007174849510193,9.133459091186523
934,2.566288471221924,934,2,8.503958702087402,0.5859307050704956,9.135136604309082
935,2.445218563079834,935,2,8.127511978149414,0.5881590843200684,8.972639083862305
936,2.660926342010498,936,2,9.485733985900879,0.5758475065231323,9.46501350402832
937,2.611004590988159,937,2,9.433988571166992,0.5870676040649414,9.235943794250488
938,2.3301680088043213,938,2,7.71042537689209,0.6044889688491821,8.78374195098877
939,2.5121681690216064,939,2,8.29163646697998,0.5894061923027039,9.097238540649414
940,2.442446231842041,940,2,8.116355895996094,0.5987025499343872,9.064882278442383
941,2.464352607727051,941,2,8.535284996032715,0.5962401628494263,9.37552261352539
942,2.441545248031616,942,2,8.241634368896484,0.6010184288024902,9.030861854553223
943,2.5242974758148193,943,2,8.256458282470703,0.5892176032066345,9.06665325164795
944,2.7228446006774902,944,2,8.95928955078125,0.5837591886520386,9.248980522155762
945,2.707606077194214,945,2,8.9905424118042,0.5907591581344604,9.038995742797852
946,2.348496437072754,946,2,7.8191938400268555,0.6044336557388306,8.875679016113281
947,2.551502227783203,947,2,8.424844741821289,0.5992774963378906,9.021797180175781
948,2.5082638263702393,948,2,8.415536880493164,0.5968838930130005,8.91699504852295
949,2.5977883338928223,949,2,8.782504081726074,0.6016906499862671,9.430020332336426
950,2.66062593460083,950,2,8.503351211547852,0.5969659090042114,9.03985595703125
951,2.6070151329040527,951,2,8.54393196105957,0.592074990272522,9.542346000671387
952,2.6335692405700684,952,2,8.99550724029541,0.5773784518241882,9.602161407470703
953,2.3766560554504395,953,2,8.2278413772583,0.5734703540802002,9.46428108215332
954,2.309258460998535,954,2,7.900286674499512,0.5819928646087646,9.23496150970459
955,2.3922805786132812,955,2,8.108633041381836,0.6035753488540649,9.188770294189453
956,2.3802292346954346,956,2,7.799704551696777,0.59649658203125,8.827366828918457
957,2.470663547515869,957,2,8.436173439025879,0.5935530662536621,9.008129119873047
958,2.724412679672241,958,2,9.179088592529297,0.5863655209541321,9.394927024841309
959,2.813016176223755,959,2,9.280913352966309,0.580870509147644,9.399046897888184
960,2.348323106765747,960,2,8.044971466064453,0.5802786946296692,9.387916564941406
961,2.303504467010498,961,2,7.887594699859619,0.594734787940979,9.284894943237305
962,2.5131795406341553,962,2,8.679829597473145,0.5870335102081299,9.818615913391113
963,2.5039048194885254,963,2,8.015185356140137,0.5951464176177979,9.388351440429688
964,2.48037052154541,964,2,8.393558502197266,0.5844176411628723,9.400654792785645
965,2.436448097229004,965,2,8.135128021240234,0.5927871465682983,9.168499946594238
966,2.4969866275787354,966,2,8.352712631225586,0.5969427824020386,9.13127326965332
967,2.346916913986206,967,2,8.031429290771484,0.5887858867645264,9.173377990722656
968,2.403165817260742,968,2,8.286163330078125,0.5925835371017456,9.169541358947754
969,2.573789358139038,969,2,8.349102973937988,0.585183322429657,9.041114807128906
970,2.468057632446289,970,2,8.133096694946289,0.578417181968689,9.3812255859375
971,2.5331473350524902,971,2,8.51435661315918,0.5652909278869629,9.52934455871582
972,2.4909169673919678,972,2,8.479111671447754,0.594030499458313,9.18812084197998
973,2.4489612579345703,973,2,8.173395156860352,0.5948307514190674,9.16089916229248
974,2.4731407165527344,974,2,8.493767738342285,0.6017278432846069,9.229225158691406
975,2.2771286964416504,975,2,7.811922073364258,0.5945754051208496,9.071749687194824
976,2.3195393085479736,976,2,7.781578063964844,0.5933035016059875,8.919565200805664
977,2.385530471801758,977,2,7.698847770690918,0.5846245288848877,8.999656677246094
978,2.5510754585266113,978,2,8.73039722442627,0.5761365294456482,9.377586364746094
979,2.313316822052002,979,2,7.351935863494873,0.6153048276901245,8.959104537963867
980,2.237454414367676,980,2,7.625957489013672,0.5865834951400757,9.159867286682129
981,2.644564390182495,981,2,8.538736343383789,0.598730206489563,9.055625915527344
982,2.475665330886841,982,2,8.220047950744629,0.5826984643936157,9.05866527557373
983,2.7014641761779785,983,2,8.76053524017334,0.5928173065185547,8.903916358947754
984,2.6333417892456055,984,2,8.485702514648438,0.598725438117981,9.072196006774902
985,2.6092939376831055,985,2,8.460412979125977,0.5981574058532715,9.00529670715332
986,2.4799633026123047,986,2,8.012137413024902,0.5971485376358032,9.240221977233887
987,2.4247915744781494,987,2,8.148405075073242,0.5844136476516724,9.522382736206055
988,2.500063180923462,988,2,8.291815757751465,0.586506724357605,9.247532844543457
989,2.4455392360687256,989,2,8.224350929260254,0.5923152565956116,9.410714149475098
990,2.4550693035125732,990,2,7.952158451080322,0.5837962627410889,9.051153182983398
991,2.333223581314087,991,2,7.783477306365967,0.5839282274246216,9.142650604248047
992,2.3124561309814453,992,2,7.622989654541016,0.5985404253005981,9.041536331176758
993,2.5466983318328857,993,2,8.623879432678223,0.5972268581390381,9.316445350646973
994,2.4869532585144043,994,2,8.240144729614258,0.6065406799316406,9.335875511169434
995,2.5085811614990234,995,2,8.869149208068848,0.5745925903320312,9.409367561340332
996,2.4154834747314453,996,2,7.9299750328063965,0.5876345038414001,8.942273139953613
997,2.416564464569092,997,2,8.013152122497559,0.5722838044166565,9.264699935913086
998,2.286776304244995,998,2,7.946439743041992,0.5852397680282593,9.143646240234375
999,2.2657582759857178,999,2,7.785397052764893,0.589847981929779,9.326882362365723
1000,2.6428639888763428,1000,2,8.889936447143555,0.6003350019454956,9.584546089172363
1001,2.596666097640991,1001,2,8.261381149291992,0.6014094352722168,9.053486824035645
1002,2.6911752223968506,1002,2,8.951745986938477,0.5889315009117126,9.229154586791992
1003,2.4484219551086426,1003,2,8.149843215942383,0.6033575534820557,8.852189064025879
1004,2.4476547241210938,1004,2,7.779599666595459,0.6148560643196106,8.689230918884277
1005,2.42889404296875,1005,2,7.957589626312256,0.6067683100700378,8.493651390075684
1006,2.619108200073242,1006,2,9.207531929016113,0.6124638319015503,8.71509838104248
1007,2.2590558528900146,1007,2,7.975078105926514,0.6025582551956177,8.728363037109375
1008,2.5645484924316406,1008,2,9.089825630187988,0.5936052799224854,8.958568572998047
1009,2.300629138946533,1009,2,8.036725044250488,0.5972226858139038,9.008827209472656
1010,2.220235586166382,1010,2,7.348796844482422,0.6050100326538086,8.611835479736328
1011,2.5072479248046875,1011,2,8.162115097045898,0.5963343381881714,9.04660415649414
1012,2.7181689739227295,1012,2,9.266451835632324,0.5657634139060974,9.582889556884766
1013,2.5066072940826416,1013,2,8.877081871032715,0.582313597202301,9.96743392944336
1014,2.712524652481079,1014,2,8.677399635314941,0.5974218845367432,9.592924118041992
1015,2.5709798336029053,1015,2,8.545011520385742,0.5905962586402893,9.566851615905762
1016,2.5465354919433594,1016,2,8.028939247131348,0.5893190503120422,9.248268127441406
1017,2.530333995819092,1017,2,8.31826400756836,0.5848031640052795,9.32463264465332
